achieve,ability,motivation,coursework,fam_back
-0.5109640660564588,0.6557298993986117,-1.0970823831136243,0.1304776829679875,0.3003845911767315
-0.5690361707876839,0.2734768155179838,-1.484492336252666,-1.676794043769392,-0.418594790091134
0.9969113366648982,-0.4017242091842466,-0.2835382238310938,1.2926603972417001,-0.3341156920957216
0.6814693924428575,1.312980328565558,1.7690171374973336,0.8005772522817869,1.142234156575706
-0.8380781282764161,0.2811739151153715,1.5103823292511966,0.41519758553142944,0.8719434539122752
0.20578958283593418,-0.884048610834872,-0.127876967139909,0.5911121621159128,-1.2920027296875196
1.070012914331901,1.9191557401399175,-0.405435501647827,1.4108148213159564,0.5292734970037688
-0.41756397350983554,-0.8569423949415491,0.20719618923967345,-1.5864764417190371,-2.2291736904804833
0.04596449424875329,-0.017314200988148815,-1.4002731304191502,-1.5798069933867454,-2.7220301521988652
0.7423943199937795,0.31182101584572647,-1.8151270352155573,-0.3998630654993832,-0.09572607391059416
0.6737979223245201,1.4901014662588838,1.1109893686779337,0.7525549375470421,-0.17690667299962273
-0.3921446013324501,0.8207090208446427,0.1704585876270609,0.2031292808998538,-0.4671948508882932
-0.9291478670953104,-1.496353408379433,1.0519330091885946,-0.10939228383626089,-0.7197094314632007
-0.5829651737766012,-1.074751238177399,-1.788722875223783,0.5466091579405961,-2.1199594023650916
1.2873359195925127,1.1155969593400152,0.6576496927987522,0.7554792344626079,0.8086658729719175
0.6061037061690719,-0.04476580467639557,0.6019249444788545,0.8484683389827159,0.5964247218215292
-0.8633166377035242,-0.36450870096560006,0.5204079283447641,-0.37378711119470043,-0.4509620758637609
-1.2260709319102054,-1.7145178618699997,1.4459840550262053,-2.4106023375105314,-0.9064202923147727
0.17003887480072627,0.25205223681074557,1.2794363660373442,0.39406429199648474,-0.37930531060906575
0.9804110333131594,0.6082880544312047,0.3664022619099455,0.22211644528503396,2.484709896449345
-0.5409761958863298,0.5654567126828606,0.10220962019885192,-0.8926908005339798,-0.920276080641368
0.6795314308155476,1.7114696680135615,-0.6336067309954907,0.4022102871928962,0.029426562139833523
0.10084399543397315,0.9367833112659478,-0.7690039664938537,0.14098218082445196,0.09913283881151443
-1.8927642385046894,-1.1848560073960466,0.15571866813823548,0.326033207106176,1.2399955446584607
1.7932033112126637,0.751061484715398,1.049846930649125,1.6906876260341852,1.5407072234142747
-0.9341449014785979,-0.9973273772472779,0.7342503898284165,-0.6985019227515478,-0.9114618572466614
-1.2216286376583023,-1.3901222034766167,0.8131717951363998,-1.1204284639459527,-0.6221257099576754
-2.0777073253035674,-1.8260029973639402,-1.639585367676154,-2.469513575543457,-0.5548016462507902
-1.9015983262372242,-0.8343306485240006,1.0628722985045858,-0.2882363536931045,-0.8759313916261121
0.2081570679947588,0.26719836353610876,0.9175528110853035,0.3770814095934007,1.2020674508659954
0.6846955498361444,1.8781022903577367,0.6119405510028952,0.9828595050609532,-0.5506215842063775
-1.1802256619922988,-1.1240303863748209,0.6316008228185026,-1.1635653792871754,-0.17247386858577746
0.3658209818192705,-0.7145562496678992,-0.5126456412709667,-1.2598929676027983,-1.2255460501669377
0.026789836071097806,-0.42338825209587194,-0.26593406754360094,-0.5031691719143085,-0.3829836183185171
0.1489075669802838,-0.4501428472140623,-0.34651300268340013,1.0618143075419908,1.361866840919936
0.6888499926666013,-0.5353015807487906,-0.38266269489617655,0.050265593048156115,0.6570509343143088
0.69506456709553,-0.3293536895805122,0.8212279359756592,1.2702634630811624,0.9423024553498529
-0.9849600055484866,-0.019569321547738133,-1.1253062460951968,-1.5719459980469501,-0.38559995359191696
1.3401960318624615,2.0281470392670533,-0.9797668321696225,0.24389785461088426,0.7289058521549809
1.7635050440849138,1.1855404833317738,0.03194305052687845,1.2154938219939158,0.24870162200746804
0.09607696369082336,-0.06209706609235885,-0.852493375012564,-0.5308331134661606,-0.10582243870170618
-0.29083716015608696,0.21192927849360835,0.46623913076392504,0.6522218449149116,0.6860152624365802
0.6977511952016051,-0.11007002707614927,-0.6547611143589286,-0.9441174526218729,-1.610026469288881
-1.5835436452332063,-0.5544906824593775,0.7557484723063571,-1.5370861035007273,-1.122851988586651
-0.7975868236000431,-0.05430009995221463,-1.712611749398935,-1.2884330184190391,0.5724707859757887
1.1584767268000442,-0.7585314829322853,-0.8524012748616825,0.07237702417262037,1.0351248262716946
0.48854999543024014,0.8328687539259958,-0.5177093041637044,0.07165940100408236,0.28950343757557573
1.218570222259042,0.7251930400213342,1.3692163966563926,1.382420203040379,1.3738585685719895
1.8510035233405033,0.4304143151664861,-1.6924221147477474,0.3233161284394867,-0.20257336343509988
0.3794183338561869,0.6560325239848872,1.3914147988920469,0.6675007679366403,1.0318618696564714
0.688845651404158,-0.13012475827781272,1.2067511133631206,0.6137759375756471,1.168361347604521
-0.18944449498658633,0.7795622664044273,-1.924600654464385,0.00151021745344046,-1.2448427813720224
-0.04376796985871348,0.1095911162455865,0.13797271643168937,-0.09010491072054523,-1.1054262737330711
-0.7262423812518751,-0.0832971352636028,-1.4577968335706273,-0.5824401472260455,1.523250406580328
-0.16977261007171796,1.1403871283112574,0.8646937381597573,-0.46125933611276104,0.7545870262590909
0.9771434769420726,1.9642419879075492,1.3382181159966178,0.8792680741792696,0.1752790330366111
-1.0285441417111916,-0.13525279267666163,-1.8159813102675195,-1.8788129294115603,-0.4800942560085052
-2.0217868303514654,-1.8464485508908455,-0.45489431268241576,-1.870994516845162,-1.1559207127921745
0.7174019192311352,1.3390959963170501,0.21472681311563832,0.7807817707399171,1.868205858682619
0.08241420471909267,0.5879744870970911,0.3959537012898569,1.1792489258306778,-0.017217265339043768
1.988495488979444,1.1012057181401478,2.5357364233283697,1.3737904925685345,-0.6975100830366863
-0.46360569368721194,-0.45420456843209733,-0.48076658141853446,-1.3406387250398928,0.9007025233810644
1.1551492123047797,1.9227377508555845,-0.9179841948797273,0.7413549871902423,0.3659742417242213
-0.9123474186403417,-0.5140638530373429,0.8664460736493782,-0.3177078835523718,-0.373621403195299
-1.2042754315933641,-0.5759170265699484,0.06942956944206433,0.035269657845774266,-1.4596595031592403
0.5952019997249497,-0.2996946099632951,0.19619559574029172,0.30940597663350533,-1.564538163579637
-1.5487144790271643,-1.7805965218784938,-1.7329021661039388,-1.5058944093037994,-1.3422051885138901
1.6954740223097033,0.568296780569845,0.6562920088491219,0.4415524863886332,-1.4200283593327219
1.0377600444345103,1.26187222894574,-0.6466847130930601,1.347558345826115,-1.166823053161933
2.1389252671816403,2.243083776081867,1.0645920250659364,1.3087100932985785,0.7027588872059466
1.5609458152118787,1.0848655477692082,-0.11891754629245986,1.0943691293134807,1.0811236103999224
-1.1015684429907453,-1.6129601032828982,-0.07964760385682788,-1.2179019251138523,-0.86230483267469
0.9290411013021065,0.8923038735332335,-0.710946646104263,0.09674220220716966,-0.7260806877111524
-0.6118275974065366,-0.3717627562704537,-0.4462121733092437,0.12954385300180724,0.1293799640574706
-0.5855399745063687,-0.3521329387885175,-2.028640755707703,-0.8801718487033826,0.462872989882076
1.0363981451644042,-0.10734100107231631,0.9722758949546664,1.02501779485134,0.109043941298718
-0.5274240667139084,-1.120674125352096,0.29900495953680967,-0.2982577256390186,-1.3024794256221035
1.0131912530381397,0.8876533606989742,0.6214658581110647,2.3243868753930705,-1.0683203466994364
1.269120586774361,1.1833409639904093,-0.9588852047039517,1.0006039934254416,0.12293373220636927
0.09037447341887794,-0.7691818071274306,0.5361693742319019,0.48344645108285145,0.7768705977301095
-0.656435517675989,0.03233655728911977,-0.20711809665842482,0.07839518197568374,0.6495598502376481
-1.5682061577841888,-0.4720479760582714,-1.1450659943682,-2.0788917959855313,-1.6013580152924578
0.6115744008337349,0.08258080362882536,0.9500027097192456,-0.549470710436097,0.9060049701130131
-1.2433418372305933,-0.43950917838175574,-1.3163924587777183,-0.1569290991150005,-0.6026684652222755
0.9193190390181725,0.6152332980461672,0.15273429711763936,0.44959995004075787,0.18793241966493446
0.029728762729753444,0.9590411244036701,-0.16572705258593728,0.50813837687386,-1.0002279959905553
0.3699137265436698,0.6437118447053629,0.289786182494973,-0.6493907430220055,1.162542279049545
-0.09352720437835141,0.09316175995046973,-0.6318606347874277,0.04610692371540392,-0.8492308200177927
0.6963846784617433,0.521744178993525,-0.881543596789781,-0.37636316889067195,0.004639909077214703
-0.36657613224343677,0.4050699370005463,0.14572349081261302,-0.12651651764098948,0.009229272371034634
-1.1057175597662319,-0.6862601651197492,-1.1015370871296433,-1.8224943089184187,0.8160034579711798
0.719259254873464,1.1008585921647953,0.6802534560785043,0.2260240090638465,0.9491833850390862
0.6807927635891887,1.3314529353007392,-0.41675026568540996,-0.1017645909743326,-1.0847690766280167
0.6067981199113434,0.6341245414232811,-0.16401130868221322,-0.09485003611856677,-0.2847938318717335
1.148780959923511,0.7696541858069295,0.09873650131087813,-0.6225729297620078,-0.39904309540317745
-1.7230297816521136,-1.5031400481736992,2.356239962780943,-1.1391324283880142,-0.9472940106243264
0.593501335444691,-0.4292701928214748,-1.0053284747123001,0.5539865399598997,1.775058198732502
-1.1549285668240332,0.6899324384805204,-1.2191170490709882,-0.37374936337598724,-0.14941237494463466
-1.435757562981573,-1.2177905128155113,0.48853826784190413,0.08985281232430793,-0.24544418825018038
-1.1330985790138222,-0.46270040960990644,-0.6375921741894757,-1.0747191405479182,-0.30538831364662306
-0.8901345883597422,-0.4268176748174703,-1.2049453100245477,-1.0846757127814928,-0.7755152766385127
-0.03247684574785892,-0.4481603264655468,0.2543943890080769,-0.12038572909200543,-0.9438435378331812
1.2330168397206813,0.8541035734844805,-0.39053952172383866,2.2250805135618084,2.0475839088480283
0.7581879552891726,0.1685897421369268,0.8674500233929534,1.089561503665463,0.6911744115490565
-0.23924515137339575,-0.47233371596987694,-0.4244287885755136,-0.09628131522675014,0.09404712771170694
1.0331467300375863,2.1877208284722593,0.44860920925537795,0.6291879908618474,0.20267604586840968
1.5294518199752707,0.06733345430360571,1.317863954795641,1.1818892917594395,0.3410965568041102
-0.3455839332062943,-0.39554694614578606,1.381015091977649,-0.61346126728969,-0.46360672704246947
-0.6720385196902113,-0.3369240755045734,0.18968595706677485,-1.135974624618878,-0.28317710980870997
0.6726875838174935,1.4005704201677678,-0.326101990933297,-0.8718357989888449,-0.3091274923213432
-0.4398136378136714,0.21230143540652274,-0.6623119405559266,0.28648971367198817,-0.36444412624329153
1.183385486598383,0.10673837333732622,-0.4611542754727329,0.9442220800501051,1.0082228842075571
1.7807170096848324,1.196333362117843,0.6323323469508616,0.6993833387785692,0.8087165445526112
0.7251206571315021,-0.2567830607769031,-1.3658377086513889,-0.07871250308172961,0.01678167155594837
-1.7950295531435754,0.09902585178793588,0.9571906263445081,0.2802255414445699,-1.2273215516277864
0.4554484973547167,0.2843920501425126,-1.4776441056358598,-0.16367756117154741,-0.2088584474528563
-0.5889698673973488,-0.14068652109952162,1.9156300131407553,1.5109588090750858,0.754739639512519
-0.2124318142244616,0.437942284279907,-0.007922617877066138,0.7616288479566009,-0.4671355413023917
-0.36490076885725,0.23572614183784293,0.3775430429661673,-0.37644704469244783,-0.16440088815130266
-0.029282145746367914,-0.2076590986365757,0.42023271768244713,0.651774474923998,-1.2553439628087844
-0.8215766860388339,-0.2981570477356088,-0.29378961320299507,-0.32157255810925395,-0.3940102989024489
0.12865910773452033,0.9301916080399864,1.3645008244931576,0.26143687368637586,0.06151367884274904
0.995654034111809,0.2605257924100003,1.4535697007345108,2.3678566819444526,0.9558668126247003
0.2941103132695606,-0.19667246744840738,0.13676447364129574,0.42398722715713305,-0.2370897995344469
0.6154996564286608,1.0191655374193604,0.4077278124549944,1.5543807981957507,1.847168872362955
0.21928746010978747,-0.1977620164073616,0.8651462898501681,-0.15255969301218322,-0.7924748349373192
-0.7765617154124583,-0.45928053934287694,0.35401936426465486,-0.5394460105622862,-0.13402084710156856
0.6341544048560434,-0.5067326956681195,0.5116754119216986,0.8021899083303325,-1.8217098425101068
-1.3074127734318,-0.7595317680946427,-0.6616021886592435,-0.9916577690399707,-1.3680903632462416
0.4800999471438702,0.457609088899948,1.0124668581403762,2.0292425233185605,0.6452980958407804
0.6770742833844919,1.3045354573912133,-1.1449816455672164,0.440044265844965,0.7615234646238899
-1.3390919415209728,-0.34890504343302964,-1.9643608345911518,-1.6377140096316316,-2.8635454603833805
0.452047024122553,0.5334552216788951,-0.5068702422426257,-0.13534087387942506,-1.4450290742174505
-1.3144516516200615,-2.0336436871445103,-0.591260521957597,-0.9245260050136566,-1.5678286495872644
1.7199083831427333,0.4201673003309092,0.28688983706372273,1.1990325786377813,0.9182017533825673
-0.12402891759373447,0.4289901879578669,-1.773648855286128,0.8728692351900327,0.33368340092793414
-1.8533407355717189,-1.1102372820375825,0.5307168686052124,-1.1958285065004453,-1.2546797417363365
-0.9995345132756197,-1.58130125376562,-0.016853063504109075,-1.4074815701455983,-0.4474348483233696
-0.6022379843530827,-0.0952952410539363,-1.413926037538932,-0.9242483046619139,0.31174498805306383
-1.2759623962208313,-0.7032104925837235,-0.12582870623358305,-1.3684410207858864,-1.2060547497053309
-0.19048965263006373,-0.6548975690233374,-3.0166993588153717,-0.563334833559847,-0.9684604639901195
0.2989798239812249,1.1783189847293838,-0.92305625048051,-1.035554944748882,-0.899003956066979
-0.9166044855329605,-2.34551509076263,2.0134980153665656,1.1254241194635526,0.986374251261888
-0.5250329924769728,-1.1661714295350327,-0.39619071459132915,-1.4165091488793229,1.0527337743863174
0.5175254158583276,-0.9484696676077653,-1.8708518413862736,-0.6881410544987617,0.04221448108051617
-0.9730509447381724,-0.5762473442581554,-0.8096893496186329,-0.660513855954048,-1.1568690708591254
2.926972128246166,1.6812550094709728,0.6352646084989678,1.241923526275866,-0.38522738047099647
0.23650920011835205,0.32500675646017474,0.546267606652091,0.9125720333786199,0.12445977992489045
-0.49186549903133625,0.7112653624892777,-1.7283889671802903,0.69494733341927,-0.26070597032432585
-2.0066357496529075,-2.0890535176833067,0.24400615027250377,-0.7822768157451714,-0.19381827260718704
-0.9160759376120038,-0.2805470411453094,1.836255253040703,0.28686456716794034,-0.9095134681582746
1.0234766770952488,-0.6403716280359022,-0.20817843669147787,-0.1402168087299386,0.13730418303500078
-0.3245717727742866,-0.39511766506200935,-0.5286645146789642,-0.7297337596881849,0.4218344695525208
-0.5570257027759439,-0.9780801845217252,1.0153826903502878,0.9315089139124448,-0.02887449355993208
-0.751766707285503,-2.3182439960403967,-0.594411047375981,-1.1532586342798397,-0.14203509351093918
-1.253155402063773,-1.2426238047213418,0.18087030618098557,-0.16335823044327538,-0.9781293918546473
-0.16499617255805185,4.0457407795607e-4,1.1582398604424746,-0.6459873648963076,0.5902199949495287
-1.1962570006122863,-0.7556551657376913,-0.25077014346197746,-0.8091947486396581,-0.44225430432204943
-0.6511489865344723,-0.5806200078267449,-1.3480356602037273,-0.0998713799757199,-0.7252656533454295
-0.12042792391016344,0.4386807710235682,0.9503466826696265,-1.3698754382791165,-0.7776046749899073
0.18451504814871572,0.8245711221088086,0.3085854207591192,0.7126682758829375,-0.6597018425649527
-0.034900390276264764,0.135533576246305,-0.8829672610272405,-0.4170272774926724,0.253014256219373
0.5084543240307207,1.37307009595288,0.6856759754849852,0.7040941995480171,0.29036037321313685
0.8385457510764568,-0.08343053119722929,2.5937889460938277,1.1645325559726667,1.935309376781082
-1.6065603239076691,-2.3228993959169197,1.9161561432430403,-0.37501316694370174,-1.8281378738183744
0.08582583431566426,1.6237506431635484,1.6614767839300324,0.14429678339536708,-1.029510584626609
1.293053742719175,0.9162309552632534,-0.905816641162834,1.1945412356787917,0.5676021953372526
-0.47853002387741755,-1.035026625459273,-1.4443808588511542,-0.3893948346088235,-1.0726120980241596
0.5465993528609379,-0.6181716830371953,0.8515565818358781,0.7751322451247882,-0.1941783085699758
0.5793342062845026,0.8185364772553272,-0.02557758420623631,0.9378470339979837,-0.411512413859286
2.193113100007957,1.1921853550633397,1.8211203964588063,0.781301151028768,0.8310804678581892
-0.08070852116972818,0.04634095850089283,0.3938012884171929,0.23082705697011158,-0.25865932247245016
0.9053664773710242,0.5731836028227236,-1.3257283432442692,-0.612873231906375,-0.5148184594928606
0.7461961186203437,0.030466640136576018,0.555415779828864,0.6667531816364465,2.3806530143863633
-0.9242745089766609,0.021295271825668483,-0.9743398450947097,-1.0312730658733622,0.012458603425401229
0.11526964406198303,-0.3296596530947641,-0.3242581849092979,-0.7311020235796581,1.1184911433242728
-0.3702757418353674,-0.006102079883574446,0.34269913486915693,-1.0015246803326248,-0.5457677710845875
1.1404886902043767,1.243043761331596,2.1322224515503327,0.49222787348244085,2.0668555825982713
0.915406505672904,-0.05190792541911243,0.6360659087548299,-0.24355886778392888,-0.5920960942675907
0.726705301167972,1.583685894872154,0.4836283870788408,0.7427057495710916,-0.13928014704883487
-0.7708832325566006,0.18247524501390983,-1.3847089220280464,-0.10545480222225972,1.3691795766700077
0.8582662473299304,0.7531730728529414,1.151449766933775,0.7693139324989008,0.7829756543228648
-0.2163375640228377,0.16326925339715054,-0.49710038120105476,-0.5943170916026258,-0.926046527562764
-0.7432183131106751,-0.6120757773388081,-1.4319280194849198,-0.022400054080435855,-1.3625656245674207
1.129267312358333,0.9391547188916171,-0.45000812690149433,0.39626804762942386,0.5393314967352804
1.0766782517186066,0.7540501178598538,-1.2695900583790367,0.22101416012760644,1.5411579743135337
0.5205473621733938,1.7481748485330941,-0.5390111740065694,-0.4439197750508663,-0.6463555100460685
-0.5598217312989473,-1.7975814240839352,-0.4816488485969033,-1.4130701030473143,-0.3758835631845224
-0.9358688642819881,1.1357349215727406,-0.7624557123462444,0.14000449568246306,1.2675613166704205
-0.722450408264186,-0.054802602691139846,-0.4410079478118821,0.5864253988198864,-1.0127881840385629
0.6179670876731661,-0.19922033030860442,-0.07175002488904685,0.10963243295635275,1.4600947262392399
1.0866550657664429,0.4429286338453682,0.37882780829737345,0.901233376327495,0.08478021549858779
-0.5997231912672546,-0.9041604403131402,-0.17083613321204658,-0.20218858789704755,-1.0080525769284538
0.6388165172709408,1.1948478593662268,-1.0134892767206964,-0.5795713180354581,0.17382293987877098
-1.676279402465613,-2.035913907951983,1.1848410296778336,-0.16348252599205695,-0.757995988106577
0.33659383211060984,-0.3416113418479016,0.17840786367150527,1.4708116766963375,0.4855036358710488
1.8057403922386235,1.4642669230711547,0.6353711136702699,1.0386101503381342,0.46225411764723534
-0.20970200082524254,-0.4146816953682909,-0.3437562037776946,0.6622506484417212,-0.31383054393841686
0.7664191737159083,0.20139402855638336,0.13719874106594815,0.5244175336511258,-1.490919363302402
0.0919142333077734,0.04744637760335127,0.9068491405777686,1.4123515666117052,0.32318820711266066
0.29777694722596404,0.290753458146051,1.7258995516070155,1.500124914266789,-0.24136939208002237
2.201711678376572,1.8309288531582781,-0.3040450492519321,0.21176564200336245,1.6513247912185562
-0.1307412394313936,1.1203366723058246,2.173278630149254,0.8576527783674335,-0.9513385876732776
-1.5583395550737769,0.12875114068248017,-0.40374270834816195,-0.2461190533701777,-2.9695934329540354
-0.5197347847784596,-0.5436533238986802,-2.796390533138162,0.016709535644468566,-0.7310291390396905
2.0152887342472496,1.7976985153341818,1.7007054899225331,0.6645615091542078,1.855757625307896
-0.2841665404361292,-0.05823956297793248,0.9078685013310692,-0.44368776291261036,0.16656434775144974
0.623030963607701,0.5349607643426361,-0.7157484924484634,-0.3371355313753194,-0.870777888618927
-0.8133010096038527,0.6418561076230049,-1.1857906127024198,-0.8847257185903382,-0.599129008308561
0.5370579649617091,0.8822987111912823,-1.0363594643237488,-0.5705440275147091,0.4779908269076516
-1.3450183756924208,-0.7699515097417216,1.0183729886152164,-0.2903718361078943,-1.1464782837662566
0.37434285153600516,0.08462103270553611,-1.2078725467799152,-1.452388876611034,0.28085368772612435
0.48631709882773033,-0.17398761913398564,-1.141665330739603,-0.2431790487799091,-0.3697074796372984
-0.9963484582001356,-1.6040843040171933,-0.8804979282561365,-0.9396166481537402,-0.6976845307670421
1.6840910388710941,1.0817278166995168,0.11073484281373452,0.5522905875818929,1.511268304725209
-0.8159950613280813,-0.25119257935567135,0.49070116686865867,-2.6686205451104232,0.41086310662400655
-0.22815245941728513,0.4315376980803269,-1.979524007877516,-1.043187830402558,-0.3219145139508503
-1.939736990504528,-1.8631739703176415,-0.5572857623345551,-1.6982782086756583,-0.7640243690920838
-0.6162131650082211,0.95904464012671,1.5860012590042585,0.7098577517758616,1.5530685399066342
1.7754616258286453,0.9934460836959449,0.24831747589974268,2.2326235444616547,1.1419414606183558
0.1911113327608101,-1.3066502421005817,-0.9014349997457198,0.5930829066760926,-0.3055709399190779
-0.26120164045893757,0.375829361722068,-0.5615369741895149,-0.5866036822104358,1.2287608772491765
-0.9741578917241864,-0.6131328192294923,-0.5192901761755552,-0.7809303689148097,-0.2879917445969185
0.9939095710774855,0.03058440362237519,-0.28081709424830537,0.8804578707697127,0.24939583843603294
0.08236311388643247,-0.0700999930873706,-1.2070375900570611,0.5315214886437888,0.10946496446133983
0.7191567631024021,1.5482804251654547,0.9170570026537757,0.10313830472030067,0.5025784694968833
-0.7593841428639072,-0.3564693904155244,0.7526545902904946,0.32387241010603157,-0.18752307761802547
-0.7113843594245283,-0.37979512089327766,0.48133001831727645,1.7327899467975127,0.871588298062322
0.5799775916870981,1.2715780712151301,-1.1432044171035183,-0.05778068725090457,1.7711370469356187
0.22591902738828556,-0.1061040567929101,0.1623655095016359,-0.21209979321593428,0.046638188721603906
-0.6934909077262102,-0.937659762622526,0.5029709761991731,0.4061919449779573,0.40338644280234104
-2.207692445134625,-2.329042956576673,-1.8432097331081632,-1.2623235468584908,-0.09478839931669865
-1.3794839005887976,-0.7140075344382342,-1.5008491758883236,-1.8937315397752148,-1.0136316226297717
0.27784049708453945,0.04244793947370512,0.3933288073549625,-0.18348795043369154,-0.3764001771005106
-0.00954707635779839,0.2819246557693765,1.8225828013537229,1.9198317183752347,0.4352913299601147
-0.1540697807737455,0.20719510528174528,-0.3207444303232578,-0.1857241905383926,0.589653906782026
0.8281851852060212,0.4397185841286473,0.3213329672761022,0.37010396665617185,0.4256598139542106
-0.6771791789155911,-0.4840125724920598,-1.3107624222106797,-0.3684808346717394,-0.2672862414567323
0.9089283043831293,1.0793725574623272,-0.5832946098434033,-0.26243714314820266,-1.04075069219915
1.1706211873583587,0.645437604761027,-0.2563056687885329,1.492565725815673,-1.5298931746246178
0.5039804912981743,0.47790952553065924,-0.22148392447916823,-0.3818887018748497,-0.28158628176646827
0.8783674461225286,1.4442304855527535,0.5317799092929505,0.4445062570599729,2.6805142140129954
0.88606456298337255,-0.22015676721393856,0.5179761451905265,0.6799755723875585,-0.8160203884730246
-1.4114283822908191,-1.4505982329083607,0.3037788696020434,-0.6929336597357842,-0.760893438264389
1.1930848952376512,1.0619702627437524,0.6115440834945911,0.9078567715612119,-1.0325417367287013
-0.7332437114301265,-2.7290889433428407,-1.0651388324136284,-1.1767450802289836,-0.39482801204612955
0.7651689673837196,0.5712910329852431,-0.26152553952284807,1.2778787795538187,1.7205394084258026
0.7849724860907771,-0.2395139241907729,-1.8410567705296526,-0.7739661416997992,-1.2750378369676414
-0.020990908070644534,-0.10555393022198539,-0.6462303113253817,-0.3389730267868368,-0.7251933532880699
0.2493402834740675,0.15719392226680343,0.8944835340357048,-0.17194539868756384,-0.9595515929970174
1.130659794951356,0.2802487052260023,0.02858102226887125,0.7666409024341598,0.4465574253626139
0.5251170221360226,1.8296879620080384,-0.764481861717699,0.7874538763292492,0.295185846538677
-0.2696084301928415,-0.3786930319085274,-1.4275903889041808,-1.996933558696238,1.1089816147838518
0.45233283289582976,-0.27398975054514074,-1.7699309391371363,-1.2715865427206257,0.1837038701191649
0.13431928585329342,0.722074828292558,-0.300695709621823,-0.20998656255990406,-1.4802757595705576
-0.03274180826373857,0.6823405669203075,1.2220922223879573,0.09187725203742421,-0.07447866562826569
-1.4099409308945672,-0.7774263853985925,-1.5757845431251656,0.3331378616019159,-0.05171336772788433
0.23359052492690743,0.5959614152646014,0.5851002167426914,0.37337899715209766,0.2712588762071633
0.5978614853539929,0.6811588046553682,0.5053071578769222,0.8308349600552486,0.7231737378249677
1.0193347218381534,-0.2781144354154005,0.2704166317554188,1.373331714890255,-0.5145230151258079
0.8140587331435264,0.6238600556950163,1.1888522144013365,0.7717360653071982,0.3941340800725202
-1.611486413353893,0.6286981390583978,0.9718884226469311,1.0813253915315797,-0.6099239643407279
0.2555934789493674,-0.21014776656897657,1.2791798640482617,1.4585380080091186,0.3800110867326933
0.3971421874437844,0.15816012400548596,1.5705752158684716,0.5266767738348423,0.33865044981573084
0.06060143583975752,-0.2852497010940719,1.8022778039280551,-1.1880300468644247,0.3607657777129234
0.49386317118358025,0.19488838566842215,1.1811013383467506,0.9863023249596827,1.0551195571055196
0.7957952443507025,1.1254475932631127,-0.6970160434531716,1.5133929813508642,0.48154112268497884
-0.7059534219931787,-1.4865708428430717,-0.8887172268380253,-0.8647393430130051,-0.8646816176542872
-1.111224578534093,-1.469538173407722,0.21584927724739808,-1.370120883203227,-0.8412354402446928
-0.257047164381168,0.24265641562239115,-0.13660906219603589,0.9148750067245667,1.892969845533025
-1.8997518470627457,-0.6361516473906724,-0.7816968273759521,-2.2388167098888565,-0.1682808417248227
-0.7180577345100683,0.5543019522944375,1.186653042316508,0.30120504315754704,1.2415580023512007
-0.3578745388567668,0.030995541083271648,-2.279509243020169,-1.091091562959952,0.09802875231331613
-0.17748195248702192,1.933044859056967,1.8969101400868402,-0.19727988333847302,-0.8514745858773061
0.7043194122114362,1.4018734471661578,-0.7302214446976737,0.6269412899088741,1.5979723656841662
0.5345220046372752,0.613218849608098,0.09696653588557605,-0.8081635063092372,0.9957361898523414
-3.22244732403313,-1.77276889010425,-1.0970531965623247,-1.4952169049148827,-0.6153954957661236
0.12339275267687379,0.26707890916467253,0.1613767886411474,-0.6987120634622745,0.478107558419154
-0.7784302755281236,-1.452716953339039,-0.4737063569272219,-0.510179041339929,0.10940294936694164
0.348746843596463,0.4594485626990732,1.4211421821817218,0.476138199289546,0.7710076521045625
0.2018092860490836,-0.3720476468337731,0.8791153883000422,0.16831840350828903,-0.9564552046662309
0.8169450541720409,0.2174159418776713,-0.9317516397401253,0.40117600002058557,0.4728507110130102
1.0966057752530214,1.8541480183530008,0.06988734260549254,0.2974173430572766,1.944062129184109
-0.8163507942335569,-0.7082903096599047,-0.2734705782137046,-0.8998180082907457,2.0253067564064775
0.3541627841901759,0.9237314860112773,-0.9043643071631964,1.2025208595259491,-0.25385516786787576
-0.5914318451469459,-0.3693681944450106,-1.5178818678513535,-0.48725855459828415,-1.119543747897206
0.7855530245493767,1.0304014988860941,-1.1371331404053533,1.513839290349532,-0.2433265626089062
1.1137804193492007,0.9342982127909228,0.4495892657364369,0.3951812799704355,1.4907056733131892
2.651468751603483,1.9725708076112896,-0.36489119551251337,2.386588053400276,1.8776878542806386
0.3645920620628977,1.2128375217248486,0.39936879065025593,0.25380342526839117,0.3452828506581231
-0.013386664000897275,-0.7097428981712638,-1.0908923971968871,-1.2471398745839677,0.47799091763915025
-1.3670191927042366,-0.3291120645186816,-0.25330135536998105,-1.8723250024429245,-0.8983527570325315
-0.7368174707124575,-0.91680320741963806,-0.19879391216369127,-1.9659594918726973,0.04337698812392931
0.5401458817394653,0.04412307977655004,-1.2107792373030022,1.152205159859855,1.078194350283645
1.8454860260170087,3.298861816601536,-0.9289568392267444,0.5203714877890722,2.604140243401853
0.8601449517260719,0.7733509003541279,-0.0702609667409247,1.0493389232697612,0.09534721054943734
1.053728290475348,0.6043707040600311,0.5867137625251007,0.7520584378335453,-0.18980365947472908
0.46736092034057297,0.04623045585849217,-0.8635591967265801,-1.7301368172838216,-0.5283519906222606
0.002976688477848974,0.04452511760169753,0.11705507523770312,0.26728620309850715,-0.2899205860473325
1.1135955054740756,0.46400774842703163,-1.6345887765292182,0.18700008682918093,-0.1909300113528002
0.11284510764803182,0.6478754504117648,0.5619154369831979,-0.1760733155548083,0.41748034147672825
-0.4889276129739876,-0.9072435912160807,-1.0630707036561826,-0.8558464595645657,0.8521863554030026
0.6767685106909391,1.4890595020632453,1.3569017316539904,0.39558632586877085,-0.6152987236277567
-1.220172070475436,-1.2771508096959237,-0.1203636566497827,-1.350134698674605,-1.522227601658131
0.8677743558425083,1.0801877227075791,0.9894081607022018,-0.2613115970562711,1.9528692392917575
1.1397246813358883,1.13257956133403,1.9525660602532837,1.1446438897717974,1.5410954232928726
0.3788309484541923,-0.40021039704399014,-0.0694554189118794,-0.16413713742492447,-0.8670760787136744
0.981990803731526,0.923116900723993,-0.06420199806158716,0.8973785991931406,-1.1262775529124303
-0.21681278987294675,0.11067398903894565,-0.8617098679272734,0.8319666907345984,-0.9109304613704408
0.36724585648974184,0.5554187703292601,1.4201309655600016,1.252325319447324,1.7747987582089546
1.494248465954568,-0.13262819849990237,0.39704771194387073,-0.2681478469275355,-0.10439206438014971
2.175321042445279,0.9133450422207419,-1.4279045401261259,0.733162426902908,0.8968588805225058
0.7751727561347337,0.441905055243478,-0.7538267747170895,0.8997046868793812,0.09266940686437973
0.46412801150809785,-0.5791494771806116,-1.337315082586753,-0.4582727763187787,-0.3919906919179031
0.3961254441323535,-0.03233003321625855,-0.03994161019319361,0.21059815892630543,0.13133267406003057
1.1450707923618437,1.5492240604198753,0.5843128730353716,1.258631204307022,0.007939091091675768
-0.4220881681417303,-0.15510986948747152,-1.282948652465561,-0.6894841813905496,-1.175607673563042
1.1787553377205615,0.47723742561432714,0.43086770002757463,1.41759339602181,2.0434338821332334
-1.8262793048831738,-2.082617772907771,-0.5169667365561466,-1.5462526274217494,-1.7379690737009945
0.7869251249748067,0.7604692455479881,0.4103237461875154,0.6224313151071469,1.4954215621877796
-0.5317742373054017,-0.386559134062212,0.6640765917799148,-1.9463506205363954,-0.5652267973760061
0.9538437542654001,1.251661171669852,-0.5058005266081484,-0.7644107389902592,-0.09173562768497914
-0.03555499000198384,0.5269573602484996,0.33454685968710174,-0.36545140069323734,-0.2006372302331646
-2.928121345119979,-3.055271855081455,-0.0685840714280709,-2.0635236121208753,-1.4344474702671017
-0.4650288148942716,0.6326884071474258,1.1871214543902484,0.48574081140120684,0.9272163717543946
-0.21860658702700903,0.4373424256304703,0.2301565285944848,-0.03374863112007047,-0.7877310990651505
0.5760291885125617,0.41017727886152866,-1.2339103780380642,0.07008113294580473,0.4800840628862094
1.195963645677275,0.4233836005067616,1.2655992316191877,2.0085734537153423,0.5664728783589176
-1.1507706877539952,-0.7597778395658694,1.8298512023847782,1.4379996250100893,-0.26440947808203474
-1.0883908346710616,-0.15387868873760696,0.5439691580275753,-1.1772317945775719,-1.1296448740067617
1.3850444277191802,1.0673260621001979,-1.059658595021471,1.6614647645254539,-0.8946082696579838
-0.37593249966193454,-0.47534976614633806,-0.9421879226896284,0.890318825189461,-1.0223097894617277
0.7956664542583001,0.5554756439940441,1.008798147736864,2.3196201062513366,1.0479744728648985
0.9794622346929973,0.5315111966756493,1.073448862089456,0.1639114558066065,-5.493557407851481e-4
-0.286457530273123,-0.7998922428389528,-0.43934503537668274,-0.7777245792186868,-0.6753438637162689
0.1564386337555908,0.7106146430069409,-0.6984061648873461,-0.8030977410743676,-0.5811093957089007
0.3789883266550927,-0.09470672576049055,0.8950295185374283,-0.2698598344240024,-0.7245591593355416
0.6764548170719777,-0.3447076126798559,-0.024531499830811782,-0.13621517354540214,1.0645101065281166
-0.8171911089138371,-0.4845121883328135,-0.4599334797411541,-0.8588107248793799,-0.488386415191293
-0.6247707430015331,-0.7221574586039948,-0.8505265532144151,-1.021196273756591,-0.6819813888557644
1.1422180798590709,0.2932930814486082,1.1648786166398843,1.2440364712355056,-1.048527263951027
-1.324390676745305,-1.2038324360067985,1.3300147084599125,0.4814285603777296,0.9194866669747646
0.7758035133703904,0.8689636224565768,-0.5750532654113806,0.6691668761036312,-0.9467469084438928
-0.26503448573720406,0.19281638431913414,-0.7249671118386488,-0.3068900664696455,0.29350137073866417
-0.782814571852467,-1.6925468759055318,-2.8184048451758774,-1.4784830271914944,-0.04253447782957836
0.21078560738868035,0.06901709150856697,-0.9519194548282096,1.1373893367826586,1.2102014450763072
0.17206752662954172,-0.2850404010039872,1.062066826838419,-0.4295622166426886,-0.5788590799327459
-0.6274215900092827,-0.7790282744128834,0.9056242400010491,-0.07701439339997296,-0.1307125132817039
0.8120593376876873,0.4245765012243302,1.7486743823881428,1.1202390402687543,1.3044630235785484
1.6528048785351996,1.2731256063690362,1.5830730758566176,1.0739241688097567,-0.09904455286852556
1.7633687574950776,0.30510454540188936,1.185147789929451,0.5545188377716483,-0.6881012414210613
0.9086542440533247,0.28684494767954943,1.2040880209461906,0.6251512167025224,1.8638773025400277
-0.14332359438497294,0.6298565259646783,0.46933475817392717,0.3400805845150754,0.19754289636576855
-0.6647991203142796,-0.8940259563453554,-0.013779802115091961,-1.1892448154772635,0.5500079687178353
1.0391638760663302,0.7085253653885586,1.1325556236891832,0.25529826949297774,-0.6730716143128785
0.352593053288553,-0.04072296733762387,0.7456293865927492,-0.03511383080320887,0.15195620075071198
-1.454421276878021,-1.6673921328240384,-0.06840398991958171,-0.7715191460742714,-1.1322133455002175
0.09078931348167282,-0.37201938348714303,0.10517681666675897,0.12643131200428487,-0.6231756219412158
-0.9770865516329501,-0.6396059218522773,-1.8147883274459933,-0.02814540889150234,-0.7195536987341908
-0.7428847118728137,-1.3245699195312048,0.9448860362553604,-0.6535468135012552,-0.11335096540513914
-2.5293066150201584,-1.9261138665724908,-0.7449317116471631,-0.28355358498237837,-1.2507422487928588
1.478676227007651,0.7939105597470133,-0.11834790571928006,0.05667810319760924,-1.5607024922834933
0.4364165027192589,-0.4179336121635343,0.6375589232743646,1.4667442175035246,-0.4415222485874571
0.6638418984052403,0.5038635531962877,-1.2269751989172324,0.738044803527554,-1.5180877066691807
-0.7417120877617585,-0.6927832957267333,-0.8654386843405191,-1.9265273016737061,0.9015367253709573
0.5237304358186021,0.6765317989939783,1.0870930426668133,1.0830583286156001,0.11205173629966059
-1.8969577710814747,-0.5230053730590734,0.1332559880498353,-2.2863740416150438,-2.0238107080108425
0.8073824506553275,0.2140682242134326,0.19297763832363576,0.34225887423838897,-1.2597806991078835
0.46140487629339766,-0.05575650966385157,-0.9763477145530404,0.29011279726520545,-0.5289248232727306
0.6726880092690859,-0.5766785028944357,0.17436707680548347,1.884551894871162,0.6866563592184575
0.1366288402364521,0.905357154389604,-0.9449825438262237,0.7431994248915899,-0.37301934420360267
0.18160392931340957,0.23838849874117074,-0.6649166123100599,-0.48732863385236247,-0.9271221901229868
0.16444491790795396,-0.4134808358927475,0.973128796899347,1.3360791807815324,2.21896405102651
0.14041091336983905,0.10539753783527854,-0.08412877037302605,0.05328866586496675,0.7647895887555892
-0.024030023094152458,-0.05653512365092084,-1.6116478128433924,0.0853899229449928,0.27703597491083787
-0.7246462053286875,-0.9804318754278184,1.047731698666035,-0.6964180829864866,0.9653552524342783
0.1368026066150288,0.5135100987464017,-0.7590049603734009,-0.39521398550991726,0.4738338191718317
-0.9548947653539844,-0.49629704183312406,-0.38872768983356576,-1.167488153303933,-0.6519091606983182
0.3029374609704689,-0.021914262493237413,-0.08533142904177918,0.10924228627375393,1.1014782856462366
0.5892139445791404,0.41162233596490705,1.347849594045791,-0.6232752911686716,0.3636443427528494
0.2708998684909952,0.9510096888072018,0.94854011579775,0.9012527756743952,-0.2213953529754737
-0.09320236119297523,0.15508810046041369,0.31413405701482805,-0.9519251577998874,-1.5536054453083976
-0.6371437576337298,-1.1423347747114505,-1.2069849270187492,-1.0378559460956436,-1.4687150759717968
0.37455314131665873,0.2148245535924604,0.5509801690903358,0.76297006961048075,-0.25032622569857826
0.3680385990722899,1.17753698382315,-0.09682942268507784,-0.38814085061152026,0.03325595351830485
0.2215981885325693,0.9711600787390621,0.6103211936256959,1.627986509180739,0.5049410225939964
-1.1307932324802243,-1.1505815155061931,0.4615370641222404,1.5287925459636282,0.4032617378675713
1.257854213070237,-0.0911513458553147,-0.024294183594558885,0.34760040804962633,-0.617068196031219
-1.0623234178027867,-0.5538525615545602,-2.8122123547786,-1.0216268671005098,-0.2792592726089095
-0.30789113503547705,-0.8218540684870279,-0.5483273522909604,-0.27856238459747534,-0.37216862748136326
0.5668468559119921,0.005723733794350427,1.0625826181742755,-0.42883275471524296,-0.7828388662435073
0.8049369741427711,0.43961868727815806,0.8811516424545078,0.8116391769784984,0.29666833098232287
1.4705105412796073,0.6936191969335399,-0.20489433804870996,-0.09908116354861182,-0.07146973064709333
-0.5660926478192237,-0.2242422868280634,-0.7791832719847188,-1.7573909152799436,-0.12339991270822308
0.042458210430362686,0.4496314431600523,-0.3435680240213893,0.3679764260030487,-0.33909860099715167
0.49394815838029543,-0.3195724202370503,-0.5637427547113196,0.7794530929724688,0.2920953120539207
0.3998150841154571,-0.3206507750758364,2.393445886868894,-0.2755358005764372,0.40456307072478764
0.6775667952986704,0.6280195528370882,1.126264463277298,1.6307883376012804,1.979975620228302
-1.5263162806151969,-1.1015921298408953,-0.25832845286889045,-1.280215153858868,-0.26004924284013775
0.7901393319732298,1.147028001151223,-0.7343722929204087,-0.2758762672505297,-0.04390397463058429
0.011030102634401961,1.0704346615139222,0.5540887062275409,-0.31764017646995896,1.5057393379510977
1.52007516442798,1.0357386814518277,1.3611618349589003,0.3234693771138136,0.9651896031837663
-0.4819898754519739,-0.4650354051970931,0.0452010445621877,0.13996375749856715,-0.10813315625848396
1.132130139836026,-0.11192213510184795,-0.07553395215023881,1.1902206318134054,-0.2291159137120113
0.14762895159995879,0.0916859990457388,0.22960084003374356,1.0204397001468197,-0.15089569859867655
-0.36417116474376676,-0.41824310429204364,0.41702674050028476,0.3553781517436165,-0.5139414847590198
0.4230575377321125,0.046984169995251374,0.958948806655256,1.4219218831754854,1.5375624260292384
0.17049885086494035,-0.49200211697336654,0.3601659366804922,0.5680272334193743,-0.9644995449640886
0.7048216219981246,0.986430373949546,2.3511744348260724,1.5364531934950694,-0.2884644148437284
-1.6495077082417076,-1.895548668526782,1.007386262995394,-1.0708345871617753,0.029522736121042937
0.1840920765617079,0.7667530241250006,-0.9295315674842732,0.4718234966031109,0.5343211015703684
0.10101270943865243,0.9033205930343404,0.055674306150514816,0.0696002925048024,-0.15362525190456175
-0.49846572718574234,0.6851342775873349,0.8766763322626021,-0.4168845824188338,-0.5259704283948575
-0.36390927557612684,-0.3571865566565382,-0.960552676738156,-0.39601504853946334,0.1411067541407868
-0.5455464570896149,-1.159754421966945,-0.11753095446453232,-0.8294030781211632,-0.3279980686267276
2.2175893406035914,1.4240536476518797,0.1775295127657302,2.1866810497300695,0.5232344596060502
1.1797396709545753,1.1936262473838417,1.2228847218010621,1.3932393500125484,1.0023854412598157
0.6034974189893936,0.31438666820453975,-1.7663308987963833,-0.5378066231730115,-0.03824998754427141
0.3517149189197721,0.6279563566329212,-1.1490289687704103,1.6506977638756375,1.1229853838862425
0.18603682735148147,1.2148415442671334,0.33686095580463216,-1.041225053958887,0.806379492618713
0.6641038444155365,1.074170248094355,0.797404385894493,-0.11251005230220344,1.2029172791699003
0.12047160815451652,-0.4724003430738766,-0.7061839320662903,-0.04256957277782822,0.16884562660898764
-0.9344367466117014,0.3437769322179259,-1.2432238747625486,-1.4672123581632142,0.5548304389593532
0.5867324843800614,-0.25460135824162483,-2.16838856030675,0.44620054425440314,1.3527829011639774
0.35983741469210256,0.3623024677887459,-1.016263254916599,-1.2494284295390017,0.370745292199559
0.16110587470569857,0.8952387719021642,-0.12395697908246758,-1.275764433374822,-1.083973085321991
-2.6989853070235785,-2.018232864731403,0.13026757345363654,-1.1211077957511146,-1.0554593053886105
-1.7396424043110557,-1.2039095379028075,-1.217885758561928,-2.157435472071945,-1.021198828155868
-0.5673327941357411,-0.47582349075295793,-0.3575425626467964,-0.11379464537691861,-0.7474958007536766
0.3091243425123612,-0.10265938456479425,-0.36362716700469006,0.6675921760722829,0.4304100165880764
-1.9929009396743251,-2.020410492388392,-0.668056619407639,-0.8511884081408786,-0.7727856136899275
-0.15707733563564208,0.22208981563559724,-0.8918693361470702,-1.431435486786091,-0.09961787434484057
-0.6580199697366435,-1.2738318927841692,-2.412903107517892,-1.8489866166359428,0.804118747308646
0.5640945932387242,0.4482830276784346,-0.9694048582980471,-0.11734084741133466,0.3780317543918576
0.6533661237981083,0.960252296302972,0.11628504349124537,0.4589942919199203,0.7738622649645077
0.1695224729523478,-0.1327027629836296,-0.01799245503966639,0.2001858876548945,0.20252214760681872
1.2031657587277855,1.7081202391879904,-1.091139425603856,-0.06640325361426055,1.2509377697641466
0.012869206706790148,-0.5959782161565688,-0.36072305885147377,-0.8242232194268346,-0.31092225536117984
0.44329010623923615,0.29206127535478843,-0.4189170102366567,0.8283824369510564,1.5302712674334964
1.5324137111783225,0.9308052097020374,0.14228631710315126,0.7352985212552006,1.9738474880567896
-0.7011577377570999,-0.01707717639278078,-0.4942723973775606,-0.2693973719533824,-0.30550264784647635
1.0407516630308673,0.3681158796109112,2.305330177955501,0.9479917978410705,-1.8683723854392436
0.42011697436199985,0.08215486815150472,-0.4296804318614707,0.09026140759465137,-0.5351970514299351
1.2042175405932125,1.6300850559922089,1.2185533767360117,1.9867906616323712,1.4471143780647489
0.6901831986279832,-0.5091892870949172,0.5632985969332567,0.29869952351091267,-0.6553826668243858
-1.3503571183468832,-2.3608712925537025,-0.6017627856519225,0.7311884244977911,-0.7611947409097065
-0.362366732224789,-0.001716844663707251,-1.6063227325326408,0.24145627480134643,0.0849200751079508
0.06892427391532849,-0.4178301943636144,1.4726933325275597,1.8596584651388122,-1.3848369883616143
0.4318399713342985,0.10043431492122837,0.39375336033211583,0.2638742799475324,0.6345558415309424
-1.8084202218381775,-1.9129444120199683,-2.093674357397949,-1.329576541832449,-1.4868352872070472
-0.28226014293060125,-0.4150816335074604,0.40251188853459896,-1.482157936874947,-0.8495483308960314
0.05091919884062007,0.14964824808071395,0.8662158157624928,1.6185442138647046,1.1005139075902157
-1.804364779230459,-1.4633328332843976,0.5305447587446991,-1.1615325976783097,0.3051507554583227
-0.4970026105649325,-1.102252800817579,-0.028717567815725584,0.6302356590581546,0.8690458019834023
-0.16294305477693738,-0.8658264567334127,-0.9717423244325759,0.25289095323178407,-1.745489049564085e-5
0.5077155176123596,0.28269727539155065,-1.532327131889073,-0.5368437378657929,-1.7035172086362083
-1.0193312066558191,-0.24225686662073515,1.1174414964542447,-0.7950566307933722,0.6261288086896695
-1.5932271856098708,-1.166337279513388,-2.460487172893658,-1.4037175254244187,-0.17120719946383953
-0.8626267781015462,-0.36611819839667387,-0.05950097582840542,0.28205855572185684,0.8231356279481389
-1.712688369576624,0.8600031848522222,-1.256460022360552,-2.1732837276715156,-0.4717509876941098
0.930427097557589,-0.5488256280104684,-0.530821175659499,0.27537532230327877,-0.11540988491187078
0.965196286686231,1.33975162033708,1.5930026245269129,0.012267886209972313,1.2206929819060737
0.5572505576284503,1.3381796082340918,1.8091286952019685,1.197241460850551,1.593266139074188
0.07981005401687075,0.14316325803235708,0.5834223441738812,-0.05275740193647855,-0.5231562790794598
0.03499614832018433,-0.9526696888335527,1.4534345508920572,0.29460045856622286,0.4883246854515034
-0.40067059133558536,0.6134386159745991,0.611821702115822,0.03835368863054903,2.1416082512482073
-0.9704857599250696,-1.8243058744686689,-0.9734296416266623,-2.0194853850404,-1.5636029215822862
0.2792704447411335,0.517453274825714,0.04034621132700115,-0.357567699884319,0.8051207060579888
0.517886901127914,0.40961771122177876,2.0977473617985942,0.29939545243193993,0.9928607042384582
-1.0155240024746808,0.17499434185688184,1.3670833751119884,-0.6926833253978603,-0.8723972983013961
-0.8021120071796235,-0.7241385785614833,0.4213728552832034,0.5137425906155463,-1.0916358646777713
-2.0677274885384334,-2.4660607480083714,-0.34210967860448344,-1.5293046193442374,-1.3607139417810556
-0.6283661340310471,-0.08730776564173709,-0.31493480570328003,-0.16775852597753999,-2.4630976838475735
0.5784977216442877,-1.4120868355314642,1.7355119236255423,-0.20721732824702016,0.7009179585742001
0.37057545005258663,1.274158634826241,1.2509517205924954,0.3635569137008433,1.4930968339007569
-0.4409156519511271,-0.8873437677067655,-0.36242640476524857,0.47820858249352954,-0.3815602570137325
-0.19124946996113512,0.9844778251942257,0.5454625501050384,0.3980218074056833,1.9555191119279773
-0.9397238401900532,0.028251555662351602,-0.1743016184745048,-0.9725244979004932,-0.783827606636672
0.36267401301455016,-0.37126876507095463,1.006135792005897,-0.8579540288299943,-0.4934617356672789
0.9816047907685842,0.34366962772923915,0.3707901145833427,1.2912949224584842,0.3879307174015064
0.814458416224437,-0.48222584068314434,0.054385168950585205,0.641904391553533,-0.03872628561696515
-0.5219219374204551,-0.945997398298199,-1.3012294862054077,-0.5915842271043023,-1.1423434769660379
0.8035925203911093,-0.25656434637309816,-0.08405104067727395,0.8420768151964008,0.569356356243484
1.5713464079588995,0.9335893234995946,-0.5041728843113559,1.9665736679113843,0.3554817009814043
1.9117582083895877,1.7008760095855262,1.1612326978141936,0.33513762097010874,1.2795531177003594
2.6260660517085177,1.633253840879513,1.2866091029009665,0.7073050528467951,1.3913363659409177
-0.1584259705859399,-0.35817694107931264,0.7339829541078413,0.14036532711299574,1.4893348651004703
-0.4058988952178314,-0.8572587458500306,-0.35836250429175953,0.00935927067838202,0.24620116184572075
-2.0997342688271283,-0.7111711571037174,-1.3659725489959735,-0.156344076612636,-1.8104459131788089
0.7935677309472846,0.5271358907730462,0.26323248483009914,0.3878582482839539,0.7206852381433904
0.27092165133393903,0.1530297608967402,-1.5201286424285356,0.5694019011664109,-0.25509747682749695
1.8969244051318088,1.604690142249809,-0.3500302319100797,-0.5649023708722822,-1.1789838395641046
-1.0210361201013791,-1.0516208708513872,8.756188754332696e-4,-0.397657839979418,-0.28002336007394185
-1.158326283607048,-0.8841829439057646,-0.1935470692021667,-2.1264566171738193,0.5675437521291938
3.6050796627136372,3.4364185436881955,1.3223861732614306,1.1003182675502137,1.8421164788715167
0.322714292669928,-0.4084306239589328,-2.013143225107578,-0.24082648961662811,-0.9086549937491311
-0.13436140621865023,0.33595990679751075,-0.7151277124664737,-0.6361753979435201,-1.2256317683521272
-0.5392973847868827,0.07135625456046729,-0.8423874128003833,0.26792991343562217,1.3155544770981253
-0.6817257547433798,0.013736969184998782,0.30201820180050154,-0.4103466439251399,-1.445841653411229
-1.2545489770711906,-0.5557363773590549,-0.590099512817307,-0.3918351877455216,-1.4625051011860861
-0.4365626956457481,-0.11339602208781965,-1.7117281230198356,-1.9531124013297905,-0.7517121148414005
-0.6032441271213889,-0.12250439252253476,0.035912449979348726,0.11706079735266477,-1.0007908182945842
-1.3014452557134608,-0.23831317203027091,-0.41665750539694335,0.07573055755185659,0.6605114617695997
0.12170349353725626,-0.2975268664772828,1.204547142886707,0.833470374094405,0.12294737236441619
0.16954529192488843,1.7224441199330398,0.642903983618437,0.8179151397650133,0.5778064122014863
1.2737448681933292,0.5652737326269504,1.504417437484404,0.2976177793577837,0.7976566255786325
-0.9758014539565105,-1.0633949119143904,-2.3666333409054254,-1.7450347445482477,-0.7173086426254603
-0.13576447701800604,-0.010456808123810363,-1.6126669063035681,-1.2472158623452365,0.0877456389127046
0.028352414721379615,-0.23927200923362746,-0.10671085573583262,-1.8827083191320726,-0.6938012840301546
-1.5323427658479316,-0.5482302759646224,-1.149884754464107,-0.9563901504096951,-0.3456705715950733
-1.9213386970828392,-2.5778337931032436,-1.0871415549044234,-0.7422007080386548,-2.123390534346097
0.1508133918962017,0.650357559057479,-0.9535611234292631,1.3443649388859458,-0.6346218397706683
-1.534612513248565,-1.2978742256940907,0.1801931364056252,-0.539293813933638,-1.1185895714907983
-0.22487917611529612,-0.10563236450247315,0.23129171365998333,-0.19584580890957864,0.32185882530936105
0.9772364835280954,0.8677069643152808,-0.2982230611404721,1.7714117304439072,0.22953191464979988
-0.02281880435275002,-0.7026143321552891,1.1212262355352687,-0.16776665205824265,0.66248313685919
-0.7273554334452697,0.09181353467992237,-1.2588398934009228,-0.6892740807315548,-1.3418448248120658
-0.25639666537864236,0.013036282114161551,0.7150847147205466,-0.33669089700165333,1.3354990112292577
-0.6310998096807783,-0.27538070874075665,-0.8716673919714395,-0.7937858731217052,-0.9360568900386674
0.8714357341523091,1.3384674959915968,-0.2826527764798293,-0.3739333021256474,1.3650657668531794
-0.8036247120159423,-1.3633250251748912,0.4904708651778694,-0.10166275804564683,-1.3996126811865313
-0.7433006433126175,0.2555808946371924,0.5393281549470359,-0.2832094671102381,0.40436840091241044
-0.4993302421015494,0.20114948513460895,-1.8524066720296575,-0.7292987745699268,0.8390068292712148
-0.9888746136460957,-0.6175896446153093,1.855826238734186,0.09836239506120119,-0.012548576078176037
0.0018442851805942628,-0.41233197735382476,0.12964445826738513,-0.10368958233979439,-0.6484178280791443
-2.5017161923389177,-0.7678283890062034,-0.4437666779201478,-0.24798892386387905,-0.8834116576734624
0.2917099192841055,-0.6048456949793058,-1.8943350644617913,-1.6801573382609758,-1.2741897490868022
2.1044339839448445,1.3521661566301033,0.4398470768341002,1.3706577788397654,0.2759284500760332
-0.5458720170137175,0.5007486799856121,1.1652329585685586,0.1838535599079325,-0.044109450639321285
0.5402355055603469,0.6767985327747861,-0.40434621516272407,0.08843559869008168,1.7518931847974633
-1.0207058264112188,0.18794180123506854,-0.03831656790439475,1.1255281417565475,0.2553661014675102
0.9545468619811229,1.4793471787961245,-0.6538807895218944,-0.2729959728350685,0.2870656782090197
-0.004849445666249785,0.4465203495235022,1.4471375891650604,2.0090727479207504,-1.923733062453427
0.5315816418578704,0.8118843445357472,-1.0965082042292897,0.6805248284846537,0.5961710387325408
1.3915505547439717,1.4886834296423295,0.8344761312623039,0.4179527704685224,1.726072165322897
-0.3962600875690857,-0.28927358306615536,-0.4508153651774824,0.26703481042088484,-0.642312291504683
-0.02927399211913434,0.7875033499093639,-0.1973898362898824,0.23539048250108113,-0.6077433977086591
1.0573872577321748,1.8197653160851928,-1.4275654727051197,-0.7195733624719859,0.1863607045855019
-1.4144627336210553,-0.4298772334827673,-0.4875949503280688,-2.498812231009541,-1.1408138705394875
1.0692550968965753,1.7313303797964898,-0.8534526469759036,1.9268489676509482,0.7689270276996178
0.17072347816447084,0.26746743960147157,-0.7582328306310521,0.23640919604475852,0.2145547888425034
1.1055384827331358,1.1258232832222625,0.5437605658115557,1.7276029653460678,0.46996339097262635
-0.6325844509333092,0.008309996598519637,0.9346948090600531,-0.33834826781507504,0.022779330163831334
0.07036324717708597,-0.9633409568997777,0.755317415820473,-0.10847571714512226,-0.723488985825227
0.4883528325637854,0.7516219306092009,2.3346367736229308,1.408321454079525,-0.7162094685075058
-1.0068800289682087,-0.6929975974745626,-0.33159379096101954,-1.4734971278074882,-0.587605884399131
-0.7118434039276484,-0.3972840565396645,-0.03297082766886664,0.028920844253242192,0.35153523909268897
0.6232694838972321,-0.24561100166438044,1.5521745504114606,0.6386305075325213,0.8156792292615502
-1.500969857406467,-1.777797638717998,-2.3326637414841898,-1.565257647364783,-0.7146672482577314
0.9006332358167818,0.9195758466420629,-0.5597246946520099,0.39432958841844445,0.11242118845080991
0.2344292200504257,0.2820967918423404,1.1638447280550999,0.6631357929389285,0.48117224156294747
-0.9956081158568033,-1.29241642894961,0.30034399280581564,-1.392896382278514,0.15252592522755296
0.11198349944819622,0.19467195156877787,-0.8871376390680382,0.8398229686414577,1.1483500597975766
0.5327195564775535,-0.418936374420925,-0.8373499582496804,-0.2650257727950081,0.04782436448860802
0.8957657243915129,1.0608255041880228,-0.4097787270823425,-1.004711626583037,0.02874385787818623
0.060641410590635686,-0.21126692977594985,-0.984112871245279,-0.011908395134826888,0.06619955978940284
-2.59551630498224,-2.4106811003420443,-0.8404621689924187,-1.7979577847070185,1.3881746682374079
1.5733305009530982,1.536618230698727,-0.19460864830289834,1.1930764927458342,0.04483533690241628
-1.070168087814804,0.1275733253084661,0.11164007205226835,0.4334753030626121,-1.1070325559544048
-0.07475243047002256,-0.8124046525081379,-0.7318628696432159,-0.6285243995438237,-0.8120830619398939
-1.1724338335429685,-1.2828577737189346,-0.2368352057922604,-0.5766489094282903,0.283123388763042
0.23090466196638687,0.3886576307081453,0.2581372051410793,0.7877237114590672,0.016498264509695347
0.06026494220769846,0.2693024919112506,1.011701509019974,0.11726571929387059,0.36983165141428254
-0.8777338623234872,0.22418127196878365,-0.7560434473263865,-0.2246621815153775,-0.019671259584643726
-1.0692341348746912,-0.8021652035204958,-0.3178266645002255,-0.7154849946090289,-1.1220565049580773
-0.06068518529593933,0.345320250708941,1.4342504813304764,0.2570464282549363,-1.3252197094490095
-0.6338987446162139,1.7611635693121717,-0.8403688892542234,0.6515592731537561,1.1223507371038228
1.0484425343061017,0.19568783345487445,0.5309952805476135,1.3343599353671252,1.371091251632309
-0.634864430628731,0.3885938769450593,0.0642899859895198,0.6700738844218516,1.1739719530520292
-0.17756047028226063,0.18917835780124298,0.9137427297763675,-0.42217824897653616,-0.037620597892658536
-0.9150508206760481,-0.4430554602549008,-0.23086943031579152,0.15068129710327954,0.06331945477754523
-0.19300895231104365,-0.6332163311357245,1.223044789831838,-0.5720742427736005,-1.60125979448081
0.9010172265368603,1.080735068545803,-0.18729771051198532,0.29212696281930356,0.10238415335249061
-0.09123418401869415,-0.6497333645529622,-1.0322941229862237,-0.9509659156612947,-0.1426280505701758
-0.2529762589140777,0.042393628859487054,0.8620006680991965,-0.4589145631586427,-0.6916785983424254
0.24451217008142723,1.2889382897723638,0.9983333766337803,0.9224697493723026,-0.16332634319299158
-0.15312845380395768,0.5695713121235753,-0.2761143163169681,-0.812550373372178,0.8001455343529427
1.7623182324040332,1.9261529428909487,-0.5948985717878378,-0.3333401449119344,-0.4373073741534459
-1.412915377033377,-1.856651379949004,-0.14350197632502854,-0.10439732573933416,0.1557023835309346
-0.9244899919303875,-0.9569386802457704,-1.0878798636133271,-0.8307963356312588,-0.2598395360296767
0.3348828014397125,-0.8277845447282789,-0.11042664691255301,1.4324115300418028,-0.6465248914700782
0.06871644852988903,0.12271481199950111,-0.16789153730324868,-0.45172127559585923,1.0247411777028508
1.0980292757008283,0.19517678348615908,1.898218289429922,0.4849471775244195,-0.6936170460598274
0.6886999393154077,1.0424826603190254,1.062244484066092,0.14699298988161558,-0.7338999014508472
-1.4917982193083228,0.2921981331088651,-0.09394580057014086,-1.5067007712215716,-0.18302995242699077
0.9227457370257193,1.9991183787891484,0.06968743035713022,1.1504747966585807,1.0436208700813299
-0.5181023282354809,-1.0957130064164737,1.9928587279083134,0.6128797929847046,-0.13384897824428585
0.2623102818899593,0.20227432493463626,-0.10237752071958345,-0.4995998541552267,0.4145233011952138
-0.5266846879017998,-1.0819997005927502,0.028882692277509812,-1.9824294702128782,0.10704120118676
-0.6619332070772993,-0.9241812904474742,0.021471230193576756,-0.280858160244753,0.17208478710795147
0.626906469599558,1.1663088275020783,-0.44386842626913364,1.7253635364061926,-0.7397552450414402
-0.7916451281310198,-0.7859510396639989,-0.15960081409226348,-1.0412829124405685,-1.1860149448677693
2.5280237760360387,2.386888489564877,0.7722830872460263,2.5361320375995846,0.9392802069310034
-0.6880531597343551,-0.3485171639018224,-0.9878738584835506,-0.3532142244342245,0.6747094064598279
-2.4778592810849824,-2.4088693660977145,-0.9771454191639315,-1.4581460330657228,-2.1243393902462535
-0.6532276623734083,-0.35165018667658,0.42809756891550366,-1.27887274044745,-1.2915336873080527
0.40898268187850834,0.27834159215121795,-1.3132659228670975,0.3038056962533001,1.108542520804284
-0.09880027338110778,-0.9163428229507818,1.2893154310046804,0.8108217039637747,0.0938505486770087
1.0974563954875713,0.44732339626514067,1.8378951309819236,1.7687831753292178,-1.1962828331275461
-0.6623828412900616,-1.1971166270931615,-0.41717828196219253,-0.8887395535768772,-0.12213694440123689
1.105569443137909,0.934325743231378,-0.5649694167985134,1.5572352979252653,0.38923129917954363
0.740213931619262,1.2215021061491058,1.9267568938731658,1.0299695770859316,1.1435511417117765
-0.5420076831947633,-0.7306822444047727,1.3944659136395405,-0.5796411331274967,-0.10127568981888574
0.9849412578514212,1.3479814909036762,-0.3219840880318058,0.8727222501424059,0.10392199757088057
1.1159513331972364,0.21168818971026654,0.20852759358711195,1.2461535647288002,0.4740502325894766
-2.19718990326799,-1.4310752688727666,-1.8106638580759222,-2.765843177159028,-0.7569164717719643
-1.2606137105564987,-1.4489330759645478,-0.3704816918103905,-0.5245167391464112,0.3462442670725068
-0.24896198319357488,0.007256279129865831,-0.6047846138525157,-0.4515518197362481,0.2266520857679979
0.4220051202290107,1.891266332531397,0.2125541501737216,-0.5163866592067607,-0.3965462880518451
-0.22900639044368476,-0.17035766355037224,-0.46346527160176354,-1.0605222298951003,-0.13383927401442794
0.1050083551052191,0.36858219970176737,-0.26461524362270716,-0.16621431863947805,0.5090446062995586
-0.12283376400305746,-1.1091948009961046,0.36627820324478433,-0.9101587786590128,-2.162145107571423
0.6169781028549163,0.3186534660774367,-0.2133304246595623,0.9324735071011633,0.7548463440819981
-0.9676048544461715,-2.3627211266142334,0.13430135290912032,-0.677055735626191,-0.7951491061390465
1.9258776767767691,3.382546235715869,0.1735661015152442,0.9266955280562126,-0.2567333702429278
-0.48014665671902024,-0.07862730373194082,0.2969585554963348,0.13919829816908327,1.6507799407971797
-0.37957350421348485,-1.0276683163307185,0.8064092423673308,-0.17490315473345808,0.3111775467579635
-2.1032334998650906,-1.1150497520283005,-0.49891990966403665,-0.1627665666733725,-1.1264133885330943
-0.18560747827480106,-0.7025952339201098,-0.553507846985514,-0.8894832538251611,-0.4450083784282167
1.0850338896924825,0.6232705286540319,-0.2254977135967306,1.1016891548032282,1.9422779480541634
-0.013527396478173442,-0.10511285727397637,0.2234363406525552,0.3619013702147405,0.4285629147246079
-0.4720996614866708,-1.3110130189504794,-0.8089390343477941,0.1918341136792377,0.23834736013989682
1.7797157195196025,1.1737338122427927,2.064827191796808,1.4442944213673612,0.9478479653786059
1.415144071753955,1.1320492182676114,0.6950020095778937,0.18678650751878845,-0.32174085752249487
0.5017576956595249,0.19716825822784842,0.4509251640369637,-0.09560984259296941,0.1034434223788881
-0.27290768701417717,-1.5471920265398698,0.3616957682996485,0.37087897842346496,-0.7962438122887955
-0.1042705942131335,-0.08060660212464149,0.40044003836278447,-1.0959958348866838,1.269799636959425
-0.9087851629801695,-0.6738019975373402,1.2493488392071472,0.09392595327510185,0.5498415894054872
-0.7539874089121272,-1.6623525953541436,0.1321195466455981,-1.1875635985019062,-1.9545090752015595
-0.1271562204550351,0.41339092791189613,0.8411718869747736,-0.9138582413027163,-0.007160378658966134
-1.6163989537400723,-1.5718816771426583,0.3049237454645482,-0.6144683009519952,0.10734842079369544
-1.6557537541909098,-1.818052884783774,0.9935622621535563,-1.0290549713145039,-1.2462118391609078
0.4463483420965364,1.1474977138112363,-0.7758589623028154,1.3940712467689171,1.895030695566435
-0.49740936350129006,-0.2718715452107499,0.2627120365546827,-0.19195693209497344,-1.1016928871787943
-1.4112173293113495,-1.1993570106520386,-0.592748172934241,-0.08504336306901537,-1.604692674464547
-1.3031170602547921,-2.012256752234782,-0.9726063041034028,-2.6762105370962943,-0.34608862189448053
1.0991664425750836,-0.026750115055341528,0.10119953684107455,-0.4972792258069936,1.2589369448348826
0.021499194700544094,0.035059479188017356,0.10105075861061483,-0.49073732447957136,-0.31682617676291563
-1.233036426068322,-0.7694227554603117,-0.40415503404996833,-0.5523561646312403,-0.047873037591120195
0.25163140194958833,-0.2285248202260825,0.39539133271225063,-0.33647643140435124,-0.9426580468342395
-1.7934489756246295,-1.5209332645159073,-1.6125832905321633,-0.7011039607096651,0.20875310666623745
1.4970478687383268,0.4739142583361549,-0.4640020995535235,1.414795415068724,0.6294910267325857
0.8903120447556587,1.2395763918031233,0.7600263015885084,1.3296919176958542,0.6658021363062142
-0.5452793041395292,-1.3030805634797278,-1.5830998252172093,-2.0854917229764247,-0.3483325815975662
0.6650200383113122,-0.02217031030665373,-0.997805787135631,-0.5393160165372314,0.47330261973118704
-1.026969131937555,-1.556703075805821,-0.3563667592465914,-0.1343854203247495,-0.5730594480704726
1.6724789024538704,1.2825873773386496,0.19832979379306234,1.164891967542319,0.8144428167251305
-0.9912745945691674,-0.8149823151546813,-0.90438503191032,0.624742896004281,-1.2349674963984427
0.41637155544111026,0.4398414950564425,-0.6296916098963488,0.18367666954198214,2.064951852655691
0.45003466697571043,-0.0026380169728604935,0.2526475767371804,0.692542295292577,0.9904392905355146
2.3744146615371755,1.2863407434353422,-0.43953101738664546,2.29986512553519,0.36704938540056703
-0.4607391116748054,-0.862891463865503,-0.4582769911325847,-0.2756369181319638,-0.6082208502284515
0.6486417506575656,0.5209642539925228,1.3839931663465552,-0.5285344951535953,0.31203008699470647
0.14616077720340515,-1.8420727997242468,-0.6859279819142051,-0.10206452969809099,-0.8423056230406685
0.3795032987188178,0.09408588415248267,0.06946788390894242,-0.004101053078599072,0.15488595821004708
-2.593764914396587,-2.964026367097103,-0.7288018526931359,-1.1999501467169231,0.6254108306873689
0.8092176104616685,0.2042549494885425,0.6951948067448535,1.2952016205051944,0.357925725030217
1.2180120085825277,0.5370593293787997,0.3650462840957757,0.9985057351830056,-0.3413864943661712
-1.1391247899253052,-1.0980073007655833,0.5787771086239847,0.4438221605092457,-1.0275098960320137
0.048373219247113575,1.3367494996711093,-0.8217574436593499,-0.34627391179335815,-0.5161342347188954
0.34621782032594284,0.04140867054979558,-0.35815662533984044,-0.5562658425145152,0.028591073668488197
1.5995405571548988,1.3066592691337955,0.7012713799396912,1.4871728708343173,0.4330361710056406
-0.8576599293129578,-0.8214144632687836,-0.4270541155999809,-0.41140580573477364,-0.7898190953815514
-1.836621143414457,-0.5255530104591917,-1.4019865599390884,-1.4278820283496316,-1.1147098151274755
-1.2614822305611075,-1.909769198889129,-0.11336477007489487,-0.07169594713520909,-1.0113093254899697
-0.4057188597326388,-0.1164495373992129,0.004314942595843856,0.367395070375979,-1.5101003459837685
-1.0852295706238089,-1.9163963493709937,-0.3135316197362014,-0.6972290996608291,-1.3873590516904835
1.2546145464493863,1.1464410271722525,-0.5299785167555023,0.625974841359561,-0.7528325216701283
-0.71014711347876,-0.010561313093980007,-0.5843009146385362,-1.155694603120124,0.03472249919840067
0.812539612566315,1.7988241388046222,1.449130587574593,0.21106217238359318,1.1274056964459076
-1.3307657688971308,-1.537849792328765,-0.4115087300186378,-0.969915127299182,-0.7651037629253371
0.7452412184740306,1.4229710599638472,0.02554276332407269,-0.03448401422551806,1.1224578562453094
-0.08636182521506508,-1.2330699050777374,-1.155637262505294,-1.20720951208088,-1.8458116990701652
-0.2371126068094339,-1.288718812396252,-2.051588016942926,-0.887425880591761,-1.5499715762496504
0.24874906970732885,0.3082287772022853,0.007230241450802727,-0.18602133241219868,-0.9412839450465229
-0.9406307463474108,-1.402383293839857,1.1752347466868847,0.8097343735731909,1.600583239905681
-0.07352973296368093,-1.243431933945322,-0.2175930325439565,0.3349750342845107,-1.4273637715947762
0.6965228067261462,0.39628936980611607,-1.6581574023432792,0.3191887948812352,0.4055699981230482
1.3286278355700478,1.0181872853307818,0.2931341668927718,1.482620296781885,1.8365697987660294
-2.2403236283378023,-2.3590792112889383,-0.32397539850967527,-2.81212516815396,0.5620424614314904
1.067645523081851,1.080667395860736,0.771818776719479,0.8266047624080504,0.39709046793152397
-1.5077282186802583,-0.38861526688606646,-0.9126363879240261,-0.6015823744075086,0.45360519692276635
0.012411115700757563,-0.08339213414008037,-0.5551106447468872,-0.9051754479599325,-0.04307097605516833
0.11069079938325305,-0.04009952744279971,0.19034261043108985,-0.24456214508646829,1.148667986287691
-1.3082117216553004,-0.4279743763174089,-0.19861338621844454,0.0322033224494003,0.06073581970362308
-0.49499877450435414,0.07998261777737245,-0.3928653900265101,-0.006552004124582872,-0.014515829802754038
-0.5335426908172433,-1.4168736938557849,1.8681910064164504,0.9667580405546753,-0.37698850129928224
1.3309543491949511,0.9688158975948737,1.5503270683291912,1.7101009681310035,0.7489815036870797
0.45174434254800694,0.7985987210084765,0.13451193751091609,-1.1825750613865356,0.5623198244494836
-0.41400581507071543,-0.4608712728872048,-0.8001286228438093,0.07411973982320572,-0.19886984526999274
0.6272924204986431,-1.0855207490462742,1.2018268613365277,-0.8482016231499689,-0.3363095717843143
-0.6524594602141887,-0.23094274172639606,-1.0289672088805366,-1.1097081520644203,-2.052233033707381
-1.2533571676062831,-2.000354723490417,-1.4634585392313673,-1.0652431458441323,-1.2053833220837291
-0.9594500925984104,-1.5251532969551262,0.1490494672521281,-1.4201676002440264,2.4570848324078542
-0.005979024218494666,-0.10898603411532165,0.9266955941721093,-0.03426207751967052,0.4051013314557851
-0.2485344578697823,-0.3189152965380546,0.24630482373453272,-0.3696414294937479,-0.5842838482332869
-1.9004082038175865,-2.7934401718996327,-1.4737777287154639,-1.2900633065014804,-2.770135626935367
0.8201704974321636,-0.01910875548300725,1.0650454150626292,0.8522849420094123,-1.0160162121114902
2.023323898011289,1.836833516769519,-0.14901652135406063,1.7821701850188216,1.4660393792753885
-1.7589887388791552,-1.1196531908028138,-0.525220766601486,-2.0016462386701375,-1.7526133379643047
-0.019534132589164588,0.4513805423918272,-1.5806785791568085,-0.12650334961551346,0.6363044434259331
1.5576195110804025,0.4591733801043346,2.39210640805545,0.5392028325058094,1.3405187392686335
-0.1954606424005289,-1.2598617885070138,1.032630387973642,-0.023140854997029225,-1.4556874364734498
0.03183698115521197,-0.013872365353273158,-1.1052914203730742,-1.2719483303504513,1.3711215662854708
-1.364673370834997,-1.0728842150950642,-0.6710140509915977,-0.6586239991246252,-1.5909188467437247
-1.6599179526925982,-1.5654805602531605,-0.018209628327890963,-0.661348542498911,-0.40612148534224124
0.6951622923029621,-0.6469243667101383,-2.005321576878578,0.3215071419017068,-0.567511532503745
0.35532931007676616,-0.02434181697912234,-0.68222367094087,0.26443807141067366,-0.3601627576061011
0.0804867402707635,0.4541900579672631,1.5339279267873824,0.08164332884702322,-0.9023395683452647
-0.3681829805397342,0.07788986999859884,1.8765275102341568,-0.8489751087065321,-0.9241017154884511
0.5489457855571109,1.247647447950057,0.7591890668146023,-0.3055327173982307,1.4831800828820656
-0.1635494280961446,0.7100639953614865,0.773216337499797,-0.45691677041428197,-0.7910544283021637
0.13419291592871635,-0.22209743790216474,2.154758876811795,1.5977301444450416,2.8824263314615415
0.2861539636270102,-0.7687422184408192,-0.8657723263585396,0.05890286810881809,1.791719909167685
0.3986739839568191,0.6575023837241156,0.4208173786962905,1.8015139319262174,-0.1921803123979574
-0.7742061450785188,-1.5998571026415795,-1.7414911588822648,0.05723957711840201,-1.2435278056502272
-1.0407578643695021,-0.3840367651681187,1.13706756161159,0.6551894282220229,-1.3111440047349647
2.127413644051277,2.704253890082166,1.3014502302103816,2.279812477936459,2.903212779706088
-1.3075612726431485,-0.31002096925519695,0.620054335088141,-0.6807211595912674,-0.7791819963992338
0.8211822824719012,0.180546343184606,1.294196966031551,0.20349764634102102,0.5067505703994084
0.16692968156768834,-0.7407681827656802,0.7208354420257511,-0.507715696150013,-0.8950105084295034
0.6141442608028471,-0.2412259604683114,-1.0715077687681287,0.22329360533139994,0.4871345134453263
2.118475185718589,2.637760364270433,0.992417800099577,1.9233293183538855,2.3037838632494805
-0.1556648043620174,-0.40227360677443896,-0.14526501176425988,-0.5637433119550948,0.1353001386489898
0.003669744956410384,-0.34575713244657,-0.8033247220277802,0.4542897791443682,-0.6042364312356623
-2.9905515499152946,-1.9853595349094793,0.8262261849804405,-2.948469410428556,-2.02434396470065
-1.0530249617068121,-0.22687662688312643,-0.96767788924212,0.1614429157103818,1.0619108951565148
1.5243273371156434,1.8486257366507142,0.2490053475629199,1.613323039624856,0.9651966898310425
2.40902985344484,0.6466236075146856,-0.05584830163261928,1.366446187992843,0.5499792539682349
-0.27590718232859435,0.42135095023190355,-1.5505380938816449,-0.6846598965017554,-0.029866179295774724
0.1934995743534721,-0.10380666187888588,-1.0456051995463989,-0.38649310380056356,0.7813763994097149
0.5718536575397427,0.5486964847930476,0.6045577947381829,0.14241085233875556,-0.21828386205015077
-0.2513526311593324,-1.1790137643905523,0.7272721193940922,0.89653930561325,-0.14820449503982455
-1.408204317576719,0.03626231448293549,0.28068510910494404,0.5181522189454959,1.1692974771216553
0.20479459636664643,-0.21548430642493394,-0.1997078083425764,-0.9823864887825211,0.4612351888278342
-0.7028030499437672,-1.308937330601779,-0.9585079581575836,-1.7464624997394096,-1.2718874849625819
0.48069372433689,0.45754923177295814,-0.6932691196150358,-1.7038056655824956,2.4151560763810185
-1.200309336856555,-1.2929137305907108,0.5251212647460125,-0.847640381235767,-2.446965425409218
1.7106419045360026,1.117831913627726,-0.8167624929758763,-0.105391243727327,-0.688905117155278
-0.2607969823318535,-0.12021046100418398,-0.2774516132228139,-1.4163697590057704,0.6402281701359097
-1.7232771734541548,-1.7358682273280146,-1.4398853730390095,-1.1100335382417414,0.8608892836788933
-1.1751741164909695,-1.250506937306429,-1.4367058996395425,-1.4285194544770665,0.08273570575868021
2.1582088565199107,1.4731125300762162,0.7892975954229144,1.5641303704183662,0.9377508396032702
-0.45717118134136064,1.0311394556918745,0.8368585488810987,0.2512722933326178,0.9616887996079833
0.28689573873040475,-0.16862732257484708,-1.7260088941040284,-0.09444372235229073,-0.30367822844425574
-1.4681897054195283,-1.8365852409052996,-0.6020599980776736,-1.3480374166524567,-0.30808822480667514
0.8611911741642241,-0.10999734702031505,0.9608866043840965,-0.12261138350095446,-0.2266925285419607
-0.06768068901524649,0.27837894330187385,0.3250315600164259,1.3168800824308537,1.8791419427984117
0.4097454181579853,1.0887914280605573,1.4884532922332336,0.037575381262450566,0.13960980977694318
0.09402625016264943,0.8293004862258958,1.0122975999828694,-0.7379686417820355,-0.2900757660660918
-1.7481307050251065,-2.9024070362729697,0.022929859565334058,-2.026607648177763,0.5478966625729207
-0.8651176340808084,-0.8894443088608939,0.5109710656431061,0.10135407935769551,0.5957208123360762
-0.9833651261625234,-0.9272761763580655,-0.034961939813872814,0.5497319024539662,-1.7872024045920651
1.7413280799212727,0.17190722637881473,-0.7114094589631018,-0.14676394437702334,-0.6982741863212552
-0.9881515280963945,-1.0819495087208741,-0.44996387339249827,-0.3976623972740572,0.5795447890952394
-1.9159532112589126,-1.2271152082118792,-1.9061807441946077,-1.3002895252771807,-0.010019028110860908
0.46617232970602374,0.5266229076115452,2.8248051458475447,0.39552851114116955,0.2860508540022626
-0.3870018041506136,-0.2516201921991842,0.3618692541461067,-1.474537422287228,-0.949817798442795
1.2253927028266105,-0.5786678639194298,1.2949258995445336,0.4980476798582413,-1.2922133998126666
-0.5444279925548845,0.0018369362383623966,0.09784561296299597,0.4264977782297733,1.2312617743252467
1.0631255884526027,0.15131374053054059,0.4139367614954134,1.0977966939089925,0.7650288554364986
0.44818736169982887,0.32986883030614145,-0.23901408212477473,-0.6064624735353626,0.48560270225474994
-2.307625240676483,-2.2838703692724183,-0.6762303580237256,-2.335436135069627,-1.2393471076808318
-1.3596786224023938,-0.342473691025102,-0.054659625650488416,-1.0994847910121823,-0.24305608938756532
-0.18862537653057687,0.6905860495911356,1.7998245807789892,1.4549566507120604,2.344935349334891
0.03641160602686712,0.5944184510270442,1.357076211666103,-0.6557197698973449,0.0997795140697805
0.693243562236042,1.2318465469380846,-1.185474399358595,-0.3041404338565557,-0.25150819130082824
0.7257925063767476,0.4587906755882506,0.6201566715994952,-0.5462366501711187,0.8604201580406657
-0.7794865970762301,-0.20883398562318778,1.412235672402537,0.48953239106967616,-0.7854590660026846
-1.7169030344765033,-0.9300381427323506,-0.5140457241349546,-0.9151989668660299,-0.1620077346808543
-1.680989733303819,-0.7625988474954992,-0.3008304027291407,-1.0439651493956017,-3.2447531904059166
-0.9944038904156329,-0.7518425048965053,-1.0986868474032234,0.14054047332874736,-0.7537797483192299
1.3860851861699834,0.6182658620940408,-0.08570945787318895,0.21933660608918462,-0.5914701826945941
1.0152125175712465,2.1490237375627776,0.25938580662056604,0.8197930075884055,0.6905740882135245
-0.3825159777059254,0.08050331898629558,0.21050284079265283,0.011423321504682948,0.37232608644621534
-0.7854983622559171,-0.20140275823060783,-0.3277194931921004,0.5233512043143393,-0.7140634578255872
0.7328276693301201,1.4172700270202472,1.029623693594085,1.1553422697617282,0.37821666509717705
1.3622432078403992,0.488900844311548,-0.8113615474274699,0.46089510612773094,-0.07441441668067264
0.4300478542736773,-0.2036811798694369,0.7682910855494117,1.346774119983743,-0.028783488364644668
-0.16806551438343564,0.43759226919274247,0.06125019178854945,-1.0316451583363815,-1.2647898895453131
-0.8620775586662227,-0.7838816215828961,0.7515960384444723,0.5303980925632588,-0.5506822077344157
0.5068578256424493,-0.1799899916298761,0.695235336948943,-0.6260168515586093,-1.3183904367330148
0.22484104355127865,0.505189613525456,0.38510078509565276,2.1676428847136955,0.22757425411761528
2.2009124024967637,0.9561975614798139,0.2743756052686249,1.9416725093920708,0.7999558289129072
0.5789326759552249,0.5921342691683745,0.9376058822613466,0.7284659253429404,-1.0646988950740337
-0.1226221649030923,-0.7263309756133308,-1.2291120895221348,-0.00816418379895957,0.08719645720341399
0.8552735686142964,0.7534669101183535,0.9733371056515415,1.570731075770446,0.2215993437424803
1.0525435989013643,-0.21696845387506825,-0.07150015205049073,0.43540096293096503,0.743932075180212
0.7874258899909222,0.705960041928492,1.1988003524555702,1.1031897330952702,1.104683010361914
-1.782153791601461,-0.3357632792564399,-0.6970867452600858,-0.7978521416077811,-1.2526352255502193
-1.4343276101792002,-1.618231455230205,0.6069625308218844,-1.5309791758399245,-1.8630361850859376
0.35086032005001444,-0.20260428666058644,1.1087944713914573,-0.7406734093083842,-1.1977818421723347
1.1763703922654845,-0.49944314258086187,1.4005576103665573,1.5322429778632232,-1.02810068028274
0.9559073976956088,1.4626761738166467,-0.19330720127124723,0.47084407099874565,1.1214158473621871
-0.3600280881857533,-0.38801477735326517,0.325863420110573,-0.0058920952666024,-0.08825253187213242
-0.2159180124622444,0.10774148323731353,-1.341669705554942,-0.03654411478443114,1.2704017969457118
-0.29589208073076484,-0.1541835088844787,1.5162232956398995,1.0931564814727273,-0.3076845746471874
-0.2766178234272577,-0.774287097261186,-0.34791962383778646,0.14645422154502755,1.7839995200075431
-0.9453407230765762,-1.5603751212782537,-1.3388840003706515,0.17465550802380608,0.9682944069662571
-1.8536469538172478,-0.3004239690286824,1.2563505390126042,-1.9451643086503236,-0.9298990463985545
-2.2031493814463694,-0.5117823739555437,-0.9538658402732189,-1.2376268209165353,-0.34685759290807466
-0.9747489464401371,-1.573113732312827,-1.541890792551205,-0.9562243186508254,-0.08568048899816431
0.6261326817043104,0.5638276656489785,1.3033147834159586,0.5648915969802671,0.6952337936951638
-0.45121963005899857,-0.150672590501474,-1.7894299874329298,-2.0713536150861014,-0.09612389983469344
-0.39203732553503196,-0.6881094822860024,0.5083055168534109,0.31109300143449997,0.3397689929708605
0.2068750350675485,1.0339462100239116,-1.9619970150082788,-0.498684704963929,0.5262881506112612
-0.15265435426356705,-0.944385316489325,0.08849511849555754,-0.16032439246744212,-0.9371451058627454
0.4740542775551185,0.4077810828978291,0.06468125305856146,-0.9095244306814094,1.1137393778620834
-0.5850074055784452,-0.5843306531947516,0.18116973674406744,-1.7075747933628933,-0.890067940004596
-0.4907956897083528,-1.572343875511688,0.02895930878037381,0.41843753047979204,1.1505887993016224
0.19189684396056142,-0.45267591304824933,0.7351185182320946,-0.27593292534540914,0.5084632663581344
2.58314536513397,0.4432810363010491,0.6428189040952913,1.500349849049265,1.0264921497617137
0.4249728078184004,-0.04398359731672971,0.9200589043667382,-0.015294515508017609,0.5567794984504745
-2.252489256733873,-2.844791627831621,-1.3424086866307308,-2.1044265555914996,0.3319796095561856
0.18752113648132712,0.07282311050473997,-0.6402355333918611,0.005062442059061447,-0.325433204178934
1.1504532999557269,2.35996879932695,0.3493166199299335,0.3108478011013499,1.0413810408075497
0.3561054063542055,0.8142460128915772,-0.8049924468580594,-0.7011485088567704,-0.8570948084948034
-2.5457612948447794,-0.827116090134161,-1.1407143926485424,-0.9375413390404908,-0.8815446232876871
-0.5655732309735335,-1.0135912972380439,-1.3718468974801528,-0.11313845666904315,-0.567708690015883
0.9773311607583568,0.7524895790914343,1.3591158188557584,1.753593568345967,0.8052776720424796
-0.9420609376435134,-0.9001155766750031,1.0814852603835394,-0.48882001800756397,0.94460256135404
1.0693994551380122,1.1756432315292635,-0.7006405904750612,-0.23738909205153513,0.30989479690968486
0.21371450719701773,0.3998906744951478,0.7558410414364911,0.5028544547290927,1.4107906420557494
1.2109895172772598,1.994375159028664,-0.9072863986993143,1.7142467715795697,0.5311537690646948
1.2403681784350882,1.3397630169905304,-0.941350889480449,0.7596220448959201,1.2862055909419543
0.9533748968955025,1.0490011143745233,-0.26078329675701944,1.110824305485321,0.3581995872977318
0.2635929504307777,-0.3548155542502716,-2.090443805706465,-0.06968465404015334,-0.8837942674150759
2.0901963811633855,2.659161271936223,1.278246282809074,1.325025894786117,2.1924865660866355
-1.0136716941995212,-0.6292759122062184,0.027630625579407972,0.7006414448340964,0.2910586803812057
-1.9029286022566445,-0.9008650612731243,0.829634024522571,-1.2212160428216932,-0.9711048716068816
0.37147991240128747,-0.9059002017478006,-0.43706728039662923,-0.09725281299325325,-0.8181102511312875
1.8298713107336448,0.4664366367570302,1.9996499496971447,0.7204298442996362,0.8513164709642348
1.0854518069045667,1.0786136635060368,0.8708425905865601,1.2796496127046542,-0.885789085851859
0.8365220857664528,0.8183219703583476,0.303798388498083,2.0072216249928894,2.254209495045012
0.23538956122487292,-0.2918276000864233,0.5137723273669744,0.056512381942493625,-0.1505640630244924
1.4022617312152539,2.171956592002814,0.38824874037461804,1.4658373592120393,1.3142861848289291
1.1334925861680762,2.060814360741395,0.49121002802977937,-0.4555506215113753,2.1267847147284282
0.0730449252244797,1.348598766450479,-1.3860008869882097,0.01133886454931346,-1.8106497051192294
-1.390459830678255,-0.6304707910519733,-0.874244989157265,-0.7946894732074066,-0.3385064667448267
-0.647883262954876,-0.9713111741163536,-0.5437686855023443,-0.3247543700015495,-0.7568006855656472
0.6606725971849265,1.7449684705579447,-0.4001625211614269,-1.517022137723159,1.8793725463301763
-2.0381027038812873,-1.8182111788401727,-1.4940589077314808,-1.13127540530182,-2.0404947378707967
2.0814930215097753,3.445157057712218,1.2720670371501874,1.2137639910048634,1.4014247621007723
-0.9936871610931326,-0.8187888630741771,-0.25132371379839463,-1.4491573186716018,0.5139214992085458
1.1873504923027918,0.2884091460225347,0.3727670550842901,1.6927275420171042,1.9336978811586345
0.706752259216133,0.3168095291896208,-0.9362326442387953,-0.3996124124861169,0.4498042560091245
0.4421553520175776,0.2687104008670857,0.7462689109237218,-0.32901416145093565,0.9949650197854802
0.9899405960727974,1.0903759962147697,-0.2705573898512063,0.9285100377610837,0.5579468473893106
-1.069095216118948,-2.483343464629516,-1.2370397175351795,-1.2131773451028378,-1.2579527236869066
1.1664816361692247,0.7175228460587952,-0.3747674456178974,0.5481215651891478,0.38193580309579744
0.5978159206671043,0.8032902963613209,0.7069662586393032,1.1342712622650122,0.17361696084836348
0.5751180600306965,0.8916664097548762,0.08137165618699786,-0.2082660118908517,2.869920980995519
0.46302124448875737,0.4746602019180537,-0.6786795139047391,1.486776229554877,0.8106898812561343
-0.9778445276529493,-0.8954127726622716,-0.6548290242345962,1.0704563580646964,1.1321369840834445
0.36698409276702665,-0.2993943845292133,-0.09846317580110515,0.7330120384034344,-2.0636592236560825
-1.7824277069930832,-1.6075476392573247,-0.15016292185792168,-1.251815697942308,-1.6000457897859677
-1.322667151396171,-0.6749819007794069,-1.8894889215546966,-1.653183937344221,-2.699464360430769
-1.1947303632829993,-1.9017970992329503,-0.4491707109007047,-1.5533862648777264,-0.8323099400316993
-0.8540970945129587,-0.4591909101668385,-0.9366395942718663,-1.03139361873227,-1.4759673320823745
0.3853814359146491,0.6142912928281568,-1.1986222288591353,0.22695987767954423,-0.09864490821451465
0.09846859570314258,0.22447659350445892,0.5924975912555908,-0.332134588715692,-0.08247281192209663
0.8117491856256231,0.27653109274401366,0.45654659630413796,-0.19705798391931856,-0.08328072208525208
0.06023187064731138,-0.12505865807863764,0.4615570470834527,1.0746812672695087,2.0418203064695026
0.8630212423927476,-0.0432795619491602,1.1399609914990234,2.1669789090006897,-0.7367119133916947
0.9534189944887342,0.9950779029569442,0.5294881190088547,1.4680394652146451,0.49641073173762496
0.8452429023213033,0.6098216112141306,0.4856846153286882,-0.6256997909289128,0.9424650260841115
0.5449269607397227,0.20215044083751152,-0.6533323968871964,-0.12004241054202214,0.7893798822549307
-0.3666188801738264,0.20580253345493488,-1.1700873392725641,1.455908686023896,-0.5648790786873564
-0.775810462563749,-0.3809297854738326,-0.48965710975511584,-1.4609174729487167,-1.22558335772795
0.4146033409408107,-0.03039634382137263,1.5321771056683575,1.5426349182274237,1.339234458298698
2.0768966291664337,1.4648713882725326,1.0867845841922092,1.17942955032012,0.33094418083609767
1.0226359560703853,-0.15013489088120624,0.35214632354405345,0.3305490797917529,0.11127194485704785
-1.4009288713557886,-1.070197810280494,0.7433554182127957,-0.2517356750466264,-0.9174005171484851
0.12602702211442357,-0.5304258445657353,-0.1438520585870961,0.06062049816101475,-0.018761254386262353
-0.7225256609266425,-0.7831330634480943,0.5907950524778804,-0.15757434144051014,0.7822421818405891
-1.0272003553273212,-0.9053671167661742,-0.3372840449698475,-1.9355504949734008,-1.254883751170183
-0.41766529339028957,-0.8435420417241083,0.613009684183531,-0.6689743598387742,-0.7945132089588528
0.5641761198262535,-0.15343448523168543,1.126128513655632,0.09425804200939686,-0.9239504202948658
-1.2431167600291477,-0.5586523836306394,2.386198918775736,0.09040156872525604,1.0617034179921543
-0.07024909519614675,0.7733282184046308,-1.3074360366789393,-0.11843082860642637,0.769451300046159
0.5628548230209645,0.2927884572454446,0.6719314215732562,2.514516803901012,0.6277505616391392
0.7732993988398624,-0.1043634991465498,1.8567003680409169,0.9920693205050144,0.935472431142115
0.680382963886989,1.0080094909400832,-0.8280664592031498,0.2926423926759682,2.4014033916766984
-0.7002753050749944,-0.5652405185788238,0.9020798937257262,-0.180544835185864,-1.5596050321995316
-0.5153576844188302,0.30591382537953915,0.8711351623618877,-0.9132480802340386,0.1662140730081894
0.25030126644157613,1.3920937836370273,0.3545757886375552,-0.7426362552473244,0.16885652397521356
-0.37266680479438774,0.36193906136242615,-0.8995240230446598,0.8487898691605475,-0.9795335188090388
-0.6410479247117417,1.0952472908158946,0.5463785720756207,-1.3958370903644386,0.6076064037530596
0.16956222528121934,0.2626284437385814,-0.7749145404579834,0.785600843478671,0.6346789886686549
-0.4154580898123854,0.2100452061832376,-0.7337384165602752,-0.9819268020262779,-0.8555421470125665
-1.4639556349306582,-1.7313969207980398,0.590896952260405,-2.2574510115984627,-1.213943174294984
-0.45852143912150867,-0.43214235238936205,0.7921722531785381,0.1725672241567902,1.0110086447202002
1.139951498038877,2.0048135845356105,1.2902379190007998,1.7974723085159963,0.3926327676502939
-0.24134178134929157,-0.8802717016375204,0.8645223777599989,0.68200773205837,0.11310593194056659
-0.022175216485343152,0.3415782703027381,1.3561311642506837,0.3853073330841696,0.9773718031878565
0.8392237801212626,0.7061887736012359,-1.1674079006676148,0.22303351936983817,-0.1124096636625994
-0.48313275401356137,-0.7692181623150053,-0.1188631378639698,0.11954189190371714,0.1412858499978027
0.11781072700460665,0.9389866283161804,-0.5294436893441101,-1.238366110749077,-0.15379300679044924
-1.3913730033539453,-2.841126516000921,-0.42268129631567236,-0.6437190158319799,-2.2787640281357127
0.36422806400987173,0.4631319246622333,-0.9239150611533626,0.5415581642030723,0.33765365597799485
-0.6576967272348684,-0.2861466651732694,0.24887235806916708,1.7054098684524623,0.11879079177874585
0.08412640224073603,0.5138555135069957,0.1336925188521202,0.32008795062843465,0.3215985764907837
0.7806291256683772,0.8204589560102175,-0.7763095511439397,0.09619536243813248,0.6497214167707988
-0.9946744226770051,-0.3682955502380486,-1.5122946375654434,-0.6165358125189451,-0.9563914183856963
0.8367800336666931,0.6556619894342407,0.37566488103318607,0.5147083618988391,0.3840824672902052
-1.650231544278,-0.8765612708009414,-0.3590386388690262,-0.20605157386886364,-3.101163324476752
0.5269795787031013,0.5002414324518845,0.8373121462473337,0.7749087164342847,-0.6895514210304625
0.7677806397482565,0.4413113972236832,-0.4492164078020144,0.07188137636555969,0.5527692195646994
1.1068016275753387,-0.9969390464781275,0.9165203230718041,-0.3471772427413031,-0.5089856110798138
0.5234344465440188,-0.5726769045576499,-0.8684003160668557,0.3831997066607634,-0.1607798720630865
0.7517699515950751,-0.7363036274883671,-0.21473398361081875,-0.6534746360742407,0.44812450379164576
-1.795181715823119,-0.6913996612541187,-0.20400585456582612,-1.2430239793825453,-0.9392018394035716
-0.13640086945197316,-0.8192606413411108,0.40909599097335575,1.566262802695121,0.17280274139798188
-0.36920366364178636,-0.37122220242857634,0.5474774506510391,-0.11194334709553515,-1.2218213492104457
2.2440829339207236,0.7069555514195716,1.9217875594567815,0.999204220152125,1.8894009055553116
-1.1563321957836665,-1.8826918214308745,0.05768745863311949,-1.2777137648860921,-1.9025441779168981
-1.421999144163208,-0.038494077445175634,0.7337834409527662,0.09285131645832209,-0.770975205509289
0.21388965919872996,0.22415682465785353,1.346885106021158,0.4190910867450667,0.7825874328768738
-0.3700283462811811,0.22765226587265694,0.9693217748691142,0.856776788046812,-0.3444699406132459
1.2700442349529042,0.2726516260710039,1.856278137809132,-0.21639461159307719,0.9773500888235873
-0.15901855407376692,-0.49841615130778005,-0.08259350852058482,-1.860047468690266,0.4745086335120355
0.23099959210065893,0.40649578106703943,1.1984338290936407,-1.7546001959395527,0.025196873076667084
0.6651043307377624,0.303576306837327,0.36866980358201024,0.4562029102538852,0.5327757221081455
-0.7242181023287464,0.39395840902609713,-0.9008563145873143,0.48292271539703935,1.1255478096688503
0.7216693928859067,0.4257395315385598,0.8648489696477879,0.9346106183165491,0.6736864321468168
-0.48654531465181305,-0.14510879506876212,0.24700693592357859,0.9288089189866562,0.7742373689873078
0.29304900459529964,-0.8750519085020687,-1.354336212030008,0.06083722121069807,-2.5488897174850313
-0.6170854007398319,-0.07965737588231253,0.789787678440936,0.36834664291024877,0.5745501329625182
1.1277930495367414,0.5400812607999522,0.3329169782587401,0.3327502959810895,-0.5454524717401301
-0.7275195325702533,-0.17803793674581656,0.41059393815058604,-0.5478343369778064,-1.3327331012836252
-0.06235601337640806,1.2337678331050081,0.42178710846135326,0.17106806554289425,0.9067366011120783
0.0016887274812782196,0.08918135671712796,1.318022402709942,-0.19311083776512444,0.6773966879733608
1.2699854126125265,-0.5107315626033839,-0.41742916416906534,-0.03330529143369737,1.2443221130146274
-0.5198248284134759,-2.2161933512625707,-1.4905305369280213,-0.19020274770811715,-1.0962323886680077
-0.47402767431584025,-0.23736256336712094,2.795715620499752,0.9492107585167463,-0.6390776776595826
1.2032439927347076,1.6370052104456547,2.2602195212287,1.0321744084330646,1.4147766082457787
0.34892892286036237,0.8021383024507268,0.07377979930773701,0.7735019876184271,1.092634847422271
-0.2336376595952342,-0.06762710007592132,-2.792890948631322,-0.9847105677901813,0.8284610374267586
0.2299668509188075,-0.009644064111627361,0.3223086996970001,0.6685190292362694,1.466014071183105
-1.0856687075171214,-0.33872521818079987,-1.2426433742666088,-0.8834545991024206,0.10714478053487086
-0.5171701100531325,-0.5156761843147561,-0.42643282489742496,-0.9808221985524548,-1.1246742672733558
0.4095556186284553,0.7812829506714989,0.6792616933745941,0.5188886245536363,0.7317509998310765
1.8355257395578655,0.7609965143502783,0.7610497178046517,1.3338098470886277,0.39585658547569724
0.625586204035104,0.8203171176332829,-1.0760289118587898,-0.030797188518644457,-0.40425236136468196
-0.008957379224249495,-0.8352687837716886,0.2900427946810722,0.8769984842771387,-0.4720983348057918
0.6663410359073623,0.05793935602381667,-0.11508509840816603,-0.6751015031796759,-0.6140438101128732
0.6527701296174999,0.5051536097185201,1.7885104462341532,0.6734202908306272,-0.4056876866280176
0.8656557364561773,1.8342171069085187,0.2906244957157459,-0.5305785948566709,-0.5635792514577275
-0.6858874190338687,0.3436119225583946,-0.7958830559623132,-0.10305140194888229,-0.2548974099137783
1.3824089350419906,0.678150095515653,0.968427472491338,1.556781386609509,1.1426192970886695
1.0775536173675957,1.7749299269850212,0.7586273159025472,1.4737571489409527,-0.3007918772936353
0.13972920711303155,-0.08711187975334958,-0.19663885109716103,0.04012401757739441,-0.28920676814589236
-1.3828596639693258,-1.1165749602213264,-0.3118987977219134,-2.580857114471184,-2.6362091519451303
0.39123708289225667,0.4222638190606196,1.2998383337040096,1.360790203401455,0.8983556046259161
-0.593283463315608,-0.4333201269536988,0.9825332983621841,0.47164947277512015,-1.1256307853436156
0.2540661415187402,0.06608061966936543,0.3583935566163291,0.24047501157042084,0.3127414590112973
0.8415100487882168,2.012667367607209,0.4440633430903292,1.1521913427230226,1.9119486554613048
0.8486053730762048,1.130750637332358,-0.09602859396116012,0.8487617595600792,0.6997602716923468
-0.16109176440488238,0.4787356875113865,-1.0689786948507942,-0.10399762122871728,0.7574144302636108
0.1872196157235107,-0.19692006189617373,-1.0692517363554257,1.87953168605853,1.6357786863531716
-0.5768252584984868,-0.6766516043540339,-0.0582408693414224,0.06615099683418113,-0.1744794959211822
0.01335163039327164,-0.23574725776192834,-0.47110901322610604,-0.6456928606113508,0.02306409767164306
-0.33359805278135424,-1.9237132796592968,-0.49118502355046173,1.302591540327585,-1.1040553406712441
0.5615436982487872,1.336688885508657,1.3355181668616725,-0.5533510321059308,1.1505303817940904
-1.2651654378130441,-0.7413815587938983,-1.3805249471908776,-0.37183410675645456,-1.6366107503248624
-0.8436514350524572,1.09816820066672,-2.287253727220522,0.2549735353291783,-0.8284707119949573
0.25808753746054497,0.3409468038310465,1.8684763381523277,0.2658274427423268,-0.9523479289026
-0.9509113301209526,-0.7301372413900323,-2.379404042516567,-0.3432674114403766,-0.10225098180088107
0.7139940701432096,0.5970909559996358,-0.027467360657411347,0.08387376072737754,-0.6561659255602301
0.0023691976122743874,0.5399648149420851,-0.5855598069395213,0.26033708106816483,1.1110319609905945
1.3130943336823524,-0.2415913190039014,0.995405298009413,0.6564495466633651,1.1448033739013384
0.29378275793880815,-0.6339973787351934,1.1923875038712741,-0.6542818615058477,0.11883077439723849
-0.37403312882127004,-0.31282834824078,-1.030870542635371,-0.12020664035375189,-0.017768589015086978
0.1575300677942159,0.0539088567606929,0.507221989621608,1.4836736232861536,0.7647402477698683
-2.568458340742433,-2.309325223364211,-0.6913878298970332,-0.1738426752578199,-0.6186661552273423
-1.081586309406055,-1.7497858993908533,0.6516323243662476,-0.4395690234704621,-0.18301990746979097
0.8590366538676587,0.6020802731272783,-0.12339154762569544,-0.007859764588062673,2.5107403530903603
0.5432062294226357,0.2584548700216095,0.12289205178821672,0.1660923532374204,-0.9205329675589273
-0.17254452719987484,0.5261826921461484,0.2231235997467323,-2.3156193982613527,-0.26802173280470426
-0.3442137464665895,-0.11158859738884648,0.006992343857383065,-0.3783409247266831,-0.35369645734001526
1.3114033006381485,0.7189586387949224,1.4339020338322865,2.1381815586077724,0.39497026994584694
-1.230852359229015,-1.9402775937612082,1.2148671130722009,-1.6127978597283994,-0.7408284887080344
0.18315230938581703,-0.32128266197460553,0.9146274586835482,1.424646046346226,-0.43599359124753234
0.5137314328280425,0.019881259746669322,1.0843341494020087,0.38732179010859924,-0.6823059105618665
-0.6950420253305194,-1.2104429049117102,1.5463359191258963,-0.8222005687526123,-0.6076568589402926
-1.7182376337343794,-0.1397804282746652,-0.769896663913597,-2.090731073418887,-0.6308372174480602
-0.26931583616134985,-0.954139593760219,-0.0012562371277580232,0.02584713581181558,0.12035081661106475
-0.42086054018386476,0.32727293717598926,-0.7489242695782499,-0.863631058228308,1.2839604131025226
-0.0847155763048964,0.886763378747401,0.6425815818050941,0.09609468256481968,0.7464416672259819
0.1692191948571108,1.1775605456530738,-0.2479624965044937,-0.1896442769383947,1.165381067852895
1.1187628101642868,0.5669883361880222,0.03358644185538363,1.8043700770510325,1.1639940763111427
-0.9188000857984052,-0.5551279827590706,-1.3293703097484006,-1.3813260920036663,-0.23152927414920865
-1.3110471658583394,-0.3443427387798689,-1.007580615337333,-2.7040973555967236,-1.066258523958551
0.9284341357287642,1.5516791066214406,1.2163671420071105,1.650025127058327,0.3632384546544103
0.9161917184602871,1.3984092046697592,-0.03446230531461822,1.5505503408377768,1.1167291895942637
-0.3354807990585114,-0.34843559853878386,-0.22910229346455957,-0.31161121978950546,-0.1444494710702347
0.02982792892936545,-0.23389238679981433,-1.702580618932716,-0.5143364895463669,0.0787920551359601
0.47948159299248794,-0.21281338545291278,0.9236518382025052,1.4840577960017778,0.36036747399834973
-2.0644645389229335,-0.8970480328523929,-1.8914108558914093,-1.7565145788817724,-0.5732489325920547
-1.457932561156179,-1.1051638143902105,-0.2925686813461771,-1.20695748163163,-0.6991353525655332
